3t;m4202;-0,08;0;-0,12;1,886592E-07;270,0001;-1,131954E-07;1;1;1;;
3t;Body1;-0,07999907;-1,103617E-07;-0,1200002;270;270,0001;0;0,1;0,1;0,09999999;;
3t;Body2;-0,07999907;-1,103617E-07;-0,1200002;270;270,0001;0;0,1;0,1;0,09999999;;
3t;Body3;-0,07999907;-1,103617E-07;-0,1200002;270;270,0001;0;0,1;0,1;0,09999999;;
3t;Body4;-0,07999907;-1,103617E-07;-0,1200002;270;270,0001;0;0,1;0,1;0,09999999;;
3t;Body5;-0,07999907;-1,103617E-07;-0,1200002;270;270,0001;0;0,1;0,1;0,09999999;;
3t;Body6;-0,07999907;-1,103617E-07;-0,1200002;270;270,0001;0;0,1;0,1;0,09999999;;
3t;Body7;-0,07999907;-1,103617E-07;-0,1200002;270;270,0001;0;0,1;0,1;0,09999999;;
3t;Body8;-0,07999907;-1,103617E-07;-0,1200002;270;270,0001;0;0,1;0,1;0,09999999;;
3t;Body9;-0,07999907;-1,103617E-07;-0,1200002;270;270,0001;0;0,1;0,1;0,09999999;;
3t;Body10;-0,07999907;-1,103617E-07;-0,1200002;270;270,0001;0;0,1;0,1;0,09999999;;
3t;Body11;-0,07999907;-1,103617E-07;-0,1200002;270;270,0001;0;0,1;0,1;0,09999999;;
3t;Body12;-0,07999907;-1,103617E-07;-0,1200002;270;270,0001;0;0,1;0,1;0,09999999;;
3t;m4202 (2);-0,289;0,0025;-0,113;1,886592E-07;270,0001;-1,131954E-07;1;1;1;;
3t;Body1;-0,2889992;0,002499951;-0,1130003;270;270,0001;0;0,1;0,1;0,09999999;;
3t;Body2;-0,2889992;0,002499951;-0,1130003;270;270,0001;0;0,1;0,1;0,09999999;;
3t;Body3;-0,2889992;0,002499951;-0,1130003;270;270,0001;0;0,1;0,1;0,09999999;;
3t;Body4;-0,2889992;0,002499951;-0,1130003;270;270,0001;0;0,1;0,1;0,09999999;;
3t;Body5;-0,2889992;0,002499951;-0,1130003;270;270,0001;0;0,1;0,1;0,09999999;;
3t;Body6;-0,2889992;0,002499951;-0,1130003;270;270,0001;0;0,1;0,1;0,09999999;;
3t;Body7;-0,2889992;0,002499951;-0,1130003;270;270,0001;0;0,1;0,1;0,09999999;;
3t;Body8;-0,2889992;0,002499951;-0,1130003;270;270,0001;0;0,1;0,1;0,09999999;;
3t;Body9;-0,2889992;0,002499951;-0,1130003;270;270,0001;0;0,1;0,1;0,09999999;;
3t;Body10;-0,2889992;0,002499951;-0,1130003;270;270,0001;0;0,1;0,1;0,09999999;;
3t;Body11;-0,2889992;0,002499951;-0,1130003;270;270,0001;0;0,1;0,1;0,09999999;;
3t;Body12;-0,2889992;0,002499951;-0,1130003;270;270,0001;0;0,1;0,1;0,09999999;;
3t;m4202 (1);-0,08;0;-0,2035;1,886592E-07;270,0001;-1,131954E-07;1;1;1;;
3t;Body1;-0,07999893;-1,231674E-07;-0,2035003;270;270,0001;0;0,1;0,1;0,09999999;;
3t;Body2;-0,07999893;-1,231674E-07;-0,2035003;270;270,0001;0;0,1;0,1;0,09999999;;
3t;Body3;-0,07999893;-1,231674E-07;-0,2035003;270;270,0001;0;0,1;0,1;0,09999999;;
3t;Body4;-0,07999893;-1,231674E-07;-0,2035003;270;270,0001;0;0,1;0,1;0,09999999;;
3t;Body5;-0,07999893;-1,231674E-07;-0,2035003;270;270,0001;0;0,1;0,1;0,09999999;;
3t;Body6;-0,07999893;-1,231674E-07;-0,2035003;270;270,0001;0;0,1;0,1;0,09999999;;
3t;Body7;-0,07999893;-1,231674E-07;-0,2035003;270;270,0001;0;0,1;0,1;0,09999999;;
3t;Body8;-0,07999893;-1,231674E-07;-0,2035003;270;270,0001;0;0,1;0,1;0,09999999;;
3t;Body9;-0,07999893;-1,231674E-07;-0,2035003;270;270,0001;0;0,1;0,1;0,09999999;;
3t;Body10;-0,07999893;-1,231674E-07;-0,2035003;270;270,0001;0;0,1;0,1;0,09999999;;
3t;Body11;-0,07999893;-1,231674E-07;-0,2035003;270;270,0001;0;0,1;0,1;0,09999999;;
3t;Body12;-0,07999893;-1,231674E-07;-0,2035003;270;270,0001;0;0,1;0,1;0,09999999;;
3t;GameObject (97);-0,148;0;-0,13;270;0;0;11;-40;2;;
3t;label;-0,1534993;0,0004999265;-0,1499999;270;4,829673E-06;0;0,011;-0,04000001;0,001;;
3t;GameObject (104);-0,357;0,0025;-0,123;270;0;0;11;-40;2;;
3t;label;-0,3624995;0,002999943;-0,1430009;270;4,829673E-06;0;0,011;-0,04000001;0,001;;
3t;GameObject (105);-0,41;0,0025;-0,1225;270;0;0;10;-40;2;;
3t;label;-0,4150006;0,003000043;-0,1425013;270;4,829673E-06;0;0,01;-0,04000001;0,001;;
3t;GameObject (106);-0,49;0,0025;-0,1145;270;0;0;10;-26;2;;
3t;label;-0,4950005;0,003000062;-0,1274998;270;4,829673E-06;0;0,01;-0,026;0,001;;
3t;GameObject (107);-0,49;0,0025;-0,1445;270;0;0;10;-26;2;;
3t;label;-0,4950002;0,003000036;-0,1575003;270;4,829673E-06;0;0,01;-0,026;0,001;;
3t;GameObject (108);-0,568;0,0025;-0,1445;270;0;0;10;-26;2;;
3t;label;-0,5729988;0,002999913;-0,1574995;270;4,829673E-06;0;0,01;-0,026;0,001;;
3t;GameObject (110);-0,568;0,0025;-0,1745;270;0;0;10;-26;2;;
3t;label;-0,5729986;0,002999905;-0,1875009;270;4,829673E-06;0;0,01;-0,026;0,001;;
3t;p2p1ta (18);-0,5545;0,0025;-0,1875;1,226284E-06;270,0002;3,207223E-07;1;1;1;;
3t;Body1;-0,5544987;0,002499867;-0,1874999;270;270,0002;0;0,1;0,1;0,1;;
3t;Body1.001;-0,5544987;0,002499867;-0,1874999;270;270,0002;0;0,1;0,1;0,1;;
3t;Body2;-0,5544987;0,002499867;-0,1874999;270;270,0002;0;0,1;0,1;0,1;;
3t;Body3;-0,5544987;0,002499867;-0,1874999;270;270,0002;0;0,1;0,1;0,1;;
3t;p2p1ta (16);-0,5545;0,0025;-0,1575;1,226284E-06;270,0002;3,207223E-07;1;1;1;;
3t;Body1;-0,5545002;0,002500009;-0,1575011;270;270,0002;0;0,1;0,1;0,1;;
3t;Body1.001;-0,5545002;0,002500009;-0,1575011;270;270,0002;0;0,1;0,1;0,1;;
3t;Body2;-0,5545002;0,002500009;-0,1575011;270;270,0002;0;0,1;0,1;0,1;;
3t;Body3;-0,5545002;0,002500009;-0,1575011;270;270,0002;0;0,1;0,1;0,1;;
3t;valveind (2);-0,523;0,0025;-0,1425;0;0;0;1;1;1;;
3t;Body1;-0,5230001;0,002499983;-0,1424998;270;4,829673E-06;0;0,1;0,1;0,1;;
3t;Body2;-0,5230001;0,002499983;-0,1424998;270;4,829673E-06;0;0,1;0,1;0,1;;
3t;Body3;-0,5230001;0,002499983;-0,1424998;270;4,829673E-06;0;0,1;0,1;0,1;;
3t;Body6;-0,5230001;0,002499983;-0,1424998;270;4,829673E-06;0;0,1;0,1;0,1;;
3t;GameObject (109);-0,568;0,0025;-0,1145;270;0;0;10;-26;2;;
3t;label;-0,5729992;0,00299995;-0,1274999;270;4,829673E-06;0;0,01;-0,026;0,001;;
3t;GameObject (111);-0,592;0,0025;-0,1015;270;0;0;10;-25;2;;
3t;label;-0,5970005;0,003000043;-0,1140016;270;4,829673E-06;0;0,01;-0,025;0,001;;
3t;GameObject (112);-0,592;0,0025;-0,1285;270;0;0;10;-25;2;;
3t;label;-0,5969988;0,002999887;-0,1410005;270;4,829673E-06;0;0,01;-0,025;0,001;;
3t;GameObject (113);-0,592;0,0025;-0,1555;270;0;0;10;-25;2;;
3t;label;-0,597;0,002999995;-0,1679999;270;4,829673E-06;0;0,01;-0,025;0,001;;
3t;p2p1ta (17);-0,5545;0,0025;-0,1275;1,226284E-06;270,0002;3,207223E-07;1;1;1;;
3t;Body1;-0,5545003;0,002500013;-0,1274997;270;270,0002;0;0,1;0,1;0,1;;
3t;Body1.001;-0,5545003;0,002500013;-0,1274997;270;270,0002;0;0,1;0,1;0,1;;
3t;Body2;-0,5545003;0,002500013;-0,1274997;270;270,0002;0;0,1;0,1;0,1;;
3t;Body3;-0,5545003;0,002500013;-0,1274997;270;270,0002;0;0,1;0,1;0,1;;
3t;GameObject (98);-0,148;0;-0,215;270;0;0;11;-40;2;;
3t;label;-0,1534989;0,0004998911;-0,2350004;270;4,829673E-06;0;0,011;-0,04000001;0,001;;
3t;GameObject (100);-0,132;0;-0,472;270;0;0;11;-40;2;;
3t;label;-0,1374991;0,000499933;-0,4920017;270;4,829673E-06;0;0,011;-0,04000001;0,001;;
3t;GameObject (103);-0,15;0;-0,727;270;0;0;11;-40;2;;
3t;label;-0,1554994;0,0004999705;-0,7469997;270;4,829673E-06;0;0,011;-0,04000001;0,001;;
3t;GameObject (101);-0,072;0;-0,5525;270;0;0;10;-25;2;;
3t;label;-0,0770015;0,0005001398;-0,5650008;270;4,829673E-06;0;0,01;-0,025;0,001;;
3t;GameObject (102);-0,072;0;-0,5805;270;0;0;10;-25;2;;
3t;label;-0,0769998;0,0004999915;-0,5929997;270;4,829673E-06;0;0,01;-0,025;0,001;;
3t;GameObject (99);-0,21;0;-0,292;270;0;0;13;-50;2;;
3t;label;-0,216501;0,0005001081;-0,3169999;270;4,829673E-06;0;0,013;-0,05000001;0,001;;
3t;GameObject (114);-0,539;0;-0,533;270;0;0;11;-30;2;;
3t;label;-0,5444996;0,0004999787;-0,5480008;270;4,829673E-06;0;0,011;-0,03;0,001;;
3t;GameObject (117);-0,594;0;-0,553;270;0;0;10;-40;2;;
3t;label;-0,598999;0,0004999042;-0,5729999;270;4,829673E-06;0;0,01;-0,04000001;0,001;;
3t;GameObject (115);-0,539;0;-0,5635;270;0;0;11;-25;2;;
3t;label;-0,544499;0,0004999302;-0,5760005;270;4,829673E-06;0;0,011;-0,025;0,001;;
3t;GameObject (116);-0,539;0;-0,589;270;0;0;11;-25;2;;
3t;label;-0,5444987;0,0004999079;-0,6015006;270;4,829673E-06;0;0,011;-0,025;0,001;;
3t;p2p1ta;-0,1915;0;-0,134;1,226284E-06;270,0002;3,207223E-07;1;1;1;;
3t;Body1;-0,1914992;-5,122274E-08;-0,1339998;270;270,0002;0;0,1;0,1;0,1;;
3t;Body1.001;-0,1914992;-5,122274E-08;-0,1339998;270;270,0002;0;0,1;0,1;0,1;;
3t;Body2;-0,1914992;-5,122274E-08;-0,1339998;270;270,0002;0;0,1;0,1;0,1;;
3t;Body3;-0,1914992;-5,122274E-08;-0,1339998;270;270,0002;0;0,1;0,1;0,1;;
3t;p2p1ta (1);-0,1915;0;-0,166;1,226284E-06;270,0002;3,207223E-07;1;1;1;;
3t;Body1;-0,1915001;2,235174E-08;-0,1660001;270;270,0002;0;0,1;0,1;0,1;;
3t;Body1.001;-0,1915001;2,235174E-08;-0,1660001;270;270,0002;0;0,1;0,1;0,1;;
3t;Body2;-0,1915001;2,235174E-08;-0,1660001;270;270,0002;0;0,1;0,1;0,1;;
3t;Body3;-0,1915001;2,235174E-08;-0,1660001;270;270,0002;0;0,1;0,1;0,1;;
3t;p2p1ta (19);-0,7945;0;-0,5095;1,226284E-06;270,0002;3,207223E-07;1;1;1;;
3t;Body1;-0,7945002;0;-0,5095011;270;270,0002;0;0,1;0,1;0,1;;
3t;Body1.001;-0,7945002;0;-0,5095011;270;270,0002;0;0,1;0,1;0,1;;
3t;Body2;-0,7945002;0;-0,5095011;270;270,0002;0;0,1;0,1;0,1;;
3t;Body3;-0,7945002;0;-0,5095011;270;270,0002;0;0,1;0,1;0,1;;
3t;p2p1ta (20);-0,7945;0;-0,4795;1,226284E-06;270,0002;3,207223E-07;1;1;1;;
3t;Body1;-0,7945002;7,450581E-09;-0,4794996;270;270,0002;0;0,1;0,1;0,1;;
3t;Body1.001;-0,7945002;7,450581E-09;-0,4794996;270;270,0002;0;0,1;0,1;0,1;;
3t;Body2;-0,7945002;7,450581E-09;-0,4794996;270;270,0002;0;0,1;0,1;0,1;;
3t;Body3;-0,7945002;7,450581E-09;-0,4794996;270;270,0002;0;0,1;0,1;0,1;;
3t;p2p1ta (12);-0,3955;0,0025;-0,1575;1,226284E-06;270,0002;3,207223E-07;1;1;1;;
3t;Body1;-0,3954991;0,002499923;-0,1575007;270;270,0002;0;0,1;0,1;0,1;;
3t;Body1.001;-0,3954991;0,002499923;-0,1575007;270;270,0002;0;0,1;0,1;0,1;;
3t;Body2;-0,3954991;0,002499923;-0,1575007;270;270,0002;0;0,1;0,1;0,1;;
3t;Body3;-0,3954991;0,002499923;-0,1575007;270;270,0002;0;0,1;0,1;0,1;;
3t;p2p1ta (13);-0,3955;0,0025;-0,127;1,226284E-06;270,0002;3,207223E-07;1;1;1;;
3t;Body1;-0,395499;0,00249991;-0,1270007;270;270,0002;0;0,1;0,1;0,1;;
3t;Body1.001;-0,395499;0,00249991;-0,1270007;270;270,0002;0;0,1;0,1;0,1;;
3t;Body2;-0,395499;0,00249991;-0,1270007;270;270,0002;0;0,1;0,1;0,1;;
3t;Body3;-0,395499;0,00249991;-0,1270007;270;270,0002;0;0,1;0,1;0,1;;
3t;p2p1ta (14);-0,4765;0,0025;-0,1575;1,226284E-06;270,0002;3,207223E-07;1;1;1;;
3t;Body1;-0,4765004;0,002500016;-0,1575002;270;270,0002;0;0,1;0,1;0,1;;
3t;Body1.001;-0,4765004;0,002500016;-0,1575002;270;270,0002;0;0,1;0,1;0,1;;
3t;Body2;-0,4765004;0,002500016;-0,1575002;270;270,0002;0;0,1;0,1;0,1;;
3t;Body3;-0,4765004;0,002500016;-0,1575002;270;270,0002;0;0,1;0,1;0,1;;
3t;p2p1ta (15);-0,4765;0,0025;-0,1275;1,226284E-06;270,0002;3,207223E-07;1;1;1;;
3t;Body1;-0,4764997;0,002499957;-0,1274999;270;270,0002;0;0,1;0,1;0,1;;
3t;Body1.001;-0,4764997;0,002499957;-0,1274999;270;270,0002;0;0,1;0,1;0,1;;
3t;Body2;-0,4764997;0,002499957;-0,1274999;270;270,0002;0;0,1;0,1;0,1;;
3t;Body3;-0,4764997;0,002499957;-0,1274999;270;270,0002;0;0,1;0,1;0,1;;
3t;p2p1ta (2);-0,1915;0;-0,2495;1,226284E-06;270,0002;3,207223E-07;1;1;1;;
3t;Body1;-0,1915001;2,421439E-08;-0,249501;270;270,0002;0;0,1;0,1;0,1;;
3t;Body1.001;-0,1915001;2,421439E-08;-0,249501;270;270,0002;0;0,1;0,1;0,1;;
3t;Body2;-0,1915001;2,421439E-08;-0,249501;270;270,0002;0;0,1;0,1;0,1;;
3t;Body3;-0,1915001;2,421439E-08;-0,249501;270;270,0002;0;0,1;0,1;0,1;;
3t;p2p1ta (4);-0,1915;0;-0,333;1,226284E-06;270,0002;3,207223E-07;1;1;1;;
3t;Body1;-0,1914999;1,024455E-08;-0,3330011;270;270,0002;0;0,1;0,1;0,1;;
3t;Body1.001;-0,1914999;1,024455E-08;-0,3330011;270;270,0002;0;0,1;0,1;0,1;;
3t;Body2;-0,1914999;1,024455E-08;-0,3330011;270;270,0002;0;0,1;0,1;0,1;;
3t;Body3;-0,1914999;1,024455E-08;-0,3330011;270;270,0002;0;0,1;0,1;0,1;;
3t;p2p1ta (5);-0,1915;0;-0,301;1,226284E-06;270,0002;3,207223E-07;1;1;1;;
3t;Body1;-0,1915;1,862645E-08;-0,3010007;270;270,0002;0;0,1;0,1;0,1;;
3t;Body1.001;-0,1915;1,862645E-08;-0,3010007;270;270,0002;0;0,1;0,1;0,1;;
3t;Body2;-0,1915;1,862645E-08;-0,3010007;270;270,0002;0;0,1;0,1;0,1;;
3t;Body3;-0,1915;1,862645E-08;-0,3010007;270;270,0002;0;0,1;0,1;0,1;;
3t;p2p1ta (6);-0,0865;0;-0,6395;1,226284E-06;270,0002;3,207223E-07;1;1;1;;
3t;Body1;-0,08649921;-6,426126E-08;-0,6395013;270;270,0002;0;0,1;0,1;0,1;;
3t;Body1.001;-0,08649921;-6,426126E-08;-0,6395013;270;270,0002;0;0,1;0,1;0,1;;
3t;Body2;-0,08649921;-6,426126E-08;-0,6395013;270;270,0002;0;0,1;0,1;0,1;;
3t;Body3;-0,08649921;-6,426126E-08;-0,6395013;270;270,0002;0;0,1;0,1;0,1;;
3t;p2p1ta (8);-0,1275;0;-0,6395;1,226284E-06;270,0002;3,207223E-07;1;1;1;;
3t;Body1;-0,1275011;1,277076E-07;-0,6395001;270;270,0002;0;0,1;0,1;0,1;;
3t;Body1.001;-0,1275011;1,277076E-07;-0,6395001;270;270,0002;0;0,1;0,1;0,1;;
3t;Body2;-0,1275011;1,277076E-07;-0,6395001;270;270,0002;0;0,1;0,1;0,1;;
3t;Body3;-0,1275011;1,277076E-07;-0,6395001;270;270,0002;0;0,1;0,1;0,1;;
3t;p2p1ta (10);-0,1065;0;-0,8575;1,226284E-06;270,0002;3,207223E-07;1;1;1;;
3t;Body1;-0,1065012;8,288771E-08;-0,8575;270;270,0002;0;0,1;0,1;0,1;;
3t;Body1.001;-0,1065012;8,288771E-08;-0,8575;270;270,0002;0;0,1;0,1;0,1;;
3t;Body2;-0,1065012;8,288771E-08;-0,8575;270;270,0002;0;0,1;0,1;0,1;;
3t;Body3;-0,1065012;8,288771E-08;-0,8575;270;270,0002;0;0,1;0,1;0,1;;
3t;p2p1ta (11);-0,1065;0;-0,8265;1,226284E-06;270,0002;3,207223E-07;1;1;1;;
3t;Body1;-0,1065007;4,703179E-08;-0,8265015;270;270,0002;0;0,1;0,1;0,1;;
3t;Body1.001;-0,1065007;4,703179E-08;-0,8265015;270;270,0002;0;0,1;0,1;0,1;;
3t;Body2;-0,1065007;4,703179E-08;-0,8265015;270;270,0002;0;0,1;0,1;0,1;;
3t;Body3;-0,1065007;4,703179E-08;-0,8265015;270;270,0002;0;0,1;0,1;0,1;;
3t;p2p1ta (9);-0,1275;0;-0,6695;1,226284E-06;270,0002;3,207223E-07;1;1;1;;
3t;Body1;-0,1274988;-7,328345E-08;-0,6695001;270;270,0002;0;0,1;0,1;0,1;;
3t;Body1.001;-0,1274988;-7,328345E-08;-0,6695001;270;270,0002;0;0,1;0,1;0,1;;
3t;Body2;-0,1274988;-7,328345E-08;-0,6695001;270;270,0002;0;0,1;0,1;0,1;;
3t;Body3;-0,1274988;-7,328345E-08;-0,6695001;270;270,0002;0;0,1;0,1;0,1;;
3t;p2p1ta (7);-0,0865;0;-0,6695;1,226284E-06;270,0002;3,207223E-07;1;1;1;;
3t;Body1;-0,08649974;-2,002344E-08;-0,6695006;270;270,0002;0;0,1;0,1;0,1;;
3t;Body1.001;-0,08649974;-2,002344E-08;-0,6695006;270;270,0002;0;0,1;0,1;0,1;;
3t;Body2;-0,08649974;-2,002344E-08;-0,6695006;270;270,0002;0;0,1;0,1;0,1;;
3t;Body3;-0,08649974;-2,002344E-08;-0,6695006;270;270,0002;0;0,1;0,1;0,1;;
3t;p2p1ta (3);-0,1915;0;-0,2175;1,226284E-06;270,0002;3,207223E-07;1;1;1;;
3t;Body1;-0,1915;1,676381E-08;-0,2174997;270;270,0002;0;0,1;0,1;0,1;;
3t;Body1.001;-0,1915;1,676381E-08;-0,2174997;270;270,0002;0;0,1;0,1;0,1;;
3t;Body2;-0,1915;1,676381E-08;-0,2174997;270;270,0002;0;0,1;0,1;0,1;;
3t;Body3;-0,1915;1,676381E-08;-0,2174997;270;270,0002;0;0,1;0,1;0,1;;
3t;valveind;-0,153;0;-0,317;0;0;0;1;1;1;;
3t;Body1;-0,1530004;6,332994E-08;-0,3170002;270;4,829673E-06;0;0,1;0,1;0,1;;
3t;Body2;-0,1530004;6,332994E-08;-0,3170002;270;4,829673E-06;0;0,1;0,1;0,1;;
3t;Body3;-0,1530004;6,332994E-08;-0,3170002;270;4,829673E-06;0;0,1;0,1;0,1;;
3t;Body6;-0,1530004;6,332994E-08;-0,3170002;270;4,829673E-06;0;0,1;0,1;0,1;;
3t;valveind (1);-0,445;0,0025;-0,1425;0;0;0;1;1;1;;
3t;Body1;-0,4449993;0,002499908;-0,1424991;270;4,829673E-06;0;0,1;0,1;0,1;;
3t;Body2;-0,4449993;0,002499908;-0,1424991;270;4,829673E-06;0;0,1;0,1;0,1;;
3t;Body3;-0,4449993;0,002499908;-0,1424991;270;4,829673E-06;0;0,1;0,1;0,1;;
3t;Body6;-0,4449993;0,002499908;-0,1424991;270;4,829673E-06;0;0,1;0,1;0,1;;
3t;pmo_shifted;-0,072;0;-0,381;-1,679065E-06;269,9999;1,037626E-06;1;1;1;;
3t;Body1;-0,07199992;-2,645538E-08;-0,3810014;270;269,9999;0;0,1;0,1;0,1;;
3t;Body3;-0,07199992;-2,645538E-08;-0,3810014;270;269,9999;0;0,1;0,1;0,1;;
3t;Body18;-0,07199992;-2,645538E-08;-0,3810014;270;269,9999;0;0,1;0,1;0,1;;
3t;Body19;-0,07199992;-2,645538E-08;-0,3810014;270;269,9999;0;0,1;0,1;0,1;;
3t;GameObject;-0,1079994;-5,029142E-08;-0,4169999;-1,829992E-06;269,9999;1,490408E-06;1;1;1;;
3t;Body12;-0,07199956;-5,672337E-08;-0,3809995;270;269,9999;0;0,1;0,1;0,1;;
3t;Body13;-0,07199956;-5,672337E-08;-0,3809995;270;269,9999;0;0,1;0,1;0,1;;
3t;Body13.001;-0,07199956;-5,672337E-08;-0,3809995;270;269,9999;0;0,1;0,1;0,1;;
3t;pmo_shifted (1);-0,072;0;-0,711;-1,679065E-06;269,9999;1,037626E-06;1;1;1;;
3t;Body1;-0,07199955;-5,494803E-08;-0,7109998;270;269,9999;0;0,1;0,1;0,1;;
3t;Body3;-0,07199955;-5,494803E-08;-0,7109998;270;269,9999;0;0,1;0,1;0,1;;
3t;Body18;-0,07199955;-5,494803E-08;-0,7109998;270;269,9999;0;0,1;0,1;0,1;;
3t;Body19;-0,07199955;-5,494803E-08;-0,7109998;270;269,9999;0;0,1;0,1;0,1;;
3t;GameObject;-0,1079996;-3,352761E-08;-0,7470011;-1,829992E-06;269,9999;1,490408E-06;1;1;1;;
3t;Body12;-0,07200009;-1,024455E-08;-0,7110026;270;269,9999;0;0,1;0,1;0,1;;
3t;Body13;-0,07200009;-1,024455E-08;-0,7110026;270;269,9999;0;0,1;0,1;0,1;;
3t;Body13.001;-0,07200009;-1,024455E-08;-0,7110026;270;269,9999;0;0,1;0,1;0,1;;
3t;sign_arm_2s;-0,047;0;-0,3745;0;0;0;1;1;1;;
3t;Body1;-0,046999;-9,313226E-08;-0,3745002;270;269,9999;0;0,1;0,1;0,1;;
3t;Body2;-0,046999;-9,313226E-08;-0,3745002;270;269,9999;0;0,1;0,1;0,1;;
3t;Body3;-0,046999;-9,313226E-08;-0,3745002;270;269,9999;0;0,1;0,1;0,1;;
3t;Body4;-0,046999;-9,313226E-08;-0,3745002;270;269,9999;0;0,1;0,1;0,1;;
3t;Body5;-0,046999;-9,313226E-08;-0,3745002;270;269,9999;0;0,1;0,1;0,1;;
3t;sign_arm_2s (1);-0,047;0;-0,4195;0;0;0;1;1;1;;
3t;Body1;-0,04699995;-1,187436E-08;-0,4195003;270;269,9999;0;0,1;0,1;0,1;;
3t;Body2;-0,04699995;-1,187436E-08;-0,4195003;270;269,9999;0;0,1;0,1;0,1;;
3t;Body3;-0,04699995;-1,187436E-08;-0,4195003;270;269,9999;0;0,1;0,1;0,1;;
3t;Body4;-0,04699995;-1,187436E-08;-0,4195003;270;269,9999;0;0,1;0,1;0,1;;
3t;Body5;-0,04699995;-1,187436E-08;-0,4195003;270;269,9999;0;0,1;0,1;0,1;;
3t;mk11;-0,087;0;-0,472;1,131951E-07;269,9999;-6,037091E-07;1;1;1;;
3t;mk_base;-0,08700028;3,360037E-08;-0,4720004;-5,093798E-07;269,9999;-5,093792E-07;0,001;0,001;0,001;;
3t;Body1;-0,08700028;3,360037E-08;-0,4720004;270;269,9999;0;0,1;0,1;0,09999999;;
3t;Body2;-0,08700028;3,360037E-08;-0,4720004;270;269,9999;0;0,1;0,1;0,09999999;;
3t;Body3;-0,08700028;3,360037E-08;-0,4720004;270;269,9999;0;0,1;0,1;0,09999999;;
3t;Body4;-0,08700028;3,360037E-08;-0,4720004;270;269,9999;0;0,1;0,1;0,09999999;;
3t;Body5;-0,08700028;3,360037E-08;-0,4720004;270;269,9999;0;0,1;0,1;0,09999999;;
3t;mk11_handle;-0,1069992;0,0059999;-0,4920011;270;269,9999;0;0,1;0,1;0,09999999;;
3t;mk12_2pos;-0,087;0;-0,559;3,169473E-06;270;-1,509275E-07;1;1;1;;
3t;mk_base;-0,0869991;-7,008202E-08;-0,559001;3,773182E-06;270;-1,509276E-07;0,001;0,001;0,0009999999;;
3t;Body1;-0,08699831;-1,369044E-07;-0,5590022;270;270;0;0,1;0,09999999;0,1;;
3t;Body2;-0,08699831;-1,369044E-07;-0,5590022;270;270;0;0,1;0,09999999;0,1;;
3t;Body3;-0,08699831;-1,369044E-07;-0,5590022;270;270;0;0,1;0,09999999;0,1;;
3t;Body4;-0,08699831;-1,369044E-07;-0,5590022;270;270;0;0,1;0,09999999;0,1;;
3t;Body5;-0,08699831;-1,369044E-07;-0,5590022;270;270;0;0,1;0,09999999;0,1;;
3t;mk12_handle;-0,1069989;0,005999878;-0,5790016;3,773182E-06;270;-1,509276E-07;0,001;0,001;0,0009999999;;
3t;Body1;-0,106998;0,005999796;-0,5790018;270;270;0;0,1;0,09999999;0,1;;
3t;Body3;-0,106998;0,005999796;-0,5790018;270;270;0;0,1;0,09999999;0,1;;
3t;mk12_2pos (1);-0,604;0,0025;-0,121;3,169473E-06;270;-1,509275E-07;1;1;1;;
3t;mk_base;-0,6039994;0,002499964;-0,1210015;3,773182E-06;270;-1,509276E-07;0,001;0,001;0,0009999999;;
3t;Body1;-0,6039985;0,002499882;-0,1210017;270;270;0;0,1;0,09999999;0,1;;
3t;Body2;-0,6039985;0,002499882;-0,1210017;270;270;0;0,1;0,09999999;0,1;;
3t;Body3;-0,6039985;0,002499882;-0,1210017;270;270;0;0,1;0,09999999;0,1;;
3t;Body4;-0,6039985;0,002499882;-0,1210017;270;270;0;0,1;0,09999999;0,1;;
3t;Body5;-0,6039985;0,002499882;-0,1210017;270;270;0;0,1;0,09999999;0,1;;
3t;mk12_handle;-0,624;0,00849998;-0,141001;3,773182E-06;270;-1,509276E-07;0,001;0,001;0,0009999999;;
3t;Body1;-0,6240002;0,008499995;-0,1410019;270;270;0;0,1;0,09999999;0,1;;
3t;Body3;-0,6240002;0,008499995;-0,1410019;270;270;0;0,1;0,09999999;0,1;;
3t;mk12_2pos (2);-0,552;0;-0,553;3,169473E-06;270;-1,509275E-07;1;1;1;;
3t;mk_base;-0,5519987;-1,303852E-07;-0,5530006;3,773182E-06;270;-1,509276E-07;0,001;0,001;0,0009999999;;
3t;Body1;-0,5519987;-1,303852E-07;-0,5530006;270;270;0;0,1;0,09999999;0,1;;
3t;Body2;-0,5519987;-1,303852E-07;-0,5530006;270;270;0;0,1;0,09999999;0,1;;
3t;Body3;-0,5519987;-1,303852E-07;-0,5530006;270;270;0;0,1;0,09999999;0,1;;
3t;Body4;-0,5519987;-1,303852E-07;-0,5530006;270;270;0;0,1;0,09999999;0,1;;
3t;Body5;-0,5519987;-1,303852E-07;-0,5530006;270;270;0;0,1;0,09999999;0,1;;
3t;mk12_handle;-0,5719993;0,005999941;-0,573;3,773182E-06;270;-1,509276E-07;0,001;0,001;0,0009999999;;
3t;Body1;-0,5719993;0,005999941;-0,573;270;270;0;0,1;0,09999999;0,1;;
3t;Body3;-0,5719993;0,005999941;-0,573;270;270;0;0,1;0,09999999;0,1;;
3t;GameObject (4);-0,215;0;-0,474;0;0;0;1;1;1;;
3t;GameObject (104);-0,2600001;1,955777E-08;-0,474;270;9,659345E-06;0;11;-40;2;;
3t;label;-0,2654992;0,0004999172;-0,4940014;270;9,659346E-06;0;0,011;-0,04;0,0009999999;;
3t;mk11 (1);-0,2149995;-6,426126E-08;-0,4740003;-6,603073E-07;269,9999;-6,603063E-07;1;1;1;;
3t;mk_base;-0,2149995;-6,426126E-08;-0,4740003;-1,264016E-06;269,9999;-6,603059E-07;0,001;0,001;0,001;;
3t;Body1;-0,2149995;-6,426126E-08;-0,4740003;270;269,9999;0;0,1;0,1;0,09999999;;
3t;Body2;-0,2149995;-6,426126E-08;-0,4740003;270;269,9999;0;0,1;0,1;0,09999999;;
3t;Body3;-0,2149995;-6,426126E-08;-0,4740003;270;269,9999;0;0,1;0,1;0,09999999;;
3t;Body4;-0,2149995;-6,426126E-08;-0,4740003;270;269,9999;0;0,1;0,1;0,09999999;;
3t;Body5;-0,2149995;-6,426126E-08;-0,4740003;270;269,9999;0;0,1;0,1;0,09999999;;
3t;mk11_handle;-0,2349994;0,005999958;-0,4940018;270;269,9999;0;0,1;0,1;0,09999999;;
3t;GameObject;-0,2149988;-1,220033E-07;-0,5585024;-8,537735E-07;-3,415094E-06;-2,134434E-07;1;1;1;;
3t;GameObject (105);-0,2599957;-1,285225E-07;-0,5585028;270;9,659346E-06;0;11;-40;2;;
3t;label;-0,2654956;0,0004998362;-0,5785031;270;1,448902E-05;0;0,011;-0,04;0,001;;
3t;GameObject (106);-0,2029976;-2,104789E-07;-0,5555021;270;9,659346E-06;0;10;-22;2;;
3t;label;-0,2079973;0,0004997924;-0,5665027;270;1,448902E-05;0;0,01;-0,022;0,001;;
3t;GameObject (107);-0,2029988;-1,713634E-07;-0,5795024;270;9,659346E-06;0;10;-22;2;;
3t;label;-0,2079985;0,0004997719;-0,5905031;270;1,448902E-05;0;0,01;-0,022;0,001;;
3t;mk12_2pos (1);-0,2149978;-2,039596E-07;-0,5585026;-2,339372E-06;269,9999;1,282884E-06;1;1;1;;
3t;mk_base;-0,2149978;-2,039596E-07;-0,5585026;-2,339372E-06;269,9999;1,282884E-06;0,001;0,001;0,001;;
3t;Body1;-0,2149978;-2,039596E-07;-0,5585026;270;269,9999;0;0,09999999;0,09999998;0,09999999;;
3t;Body2;-0,2149978;-2,039596E-07;-0,5585026;270;269,9999;0;0,09999999;0,09999998;0,09999999;;
3t;Body3;-0,2149978;-2,039596E-07;-0,5585026;270;269,9999;0;0,09999999;0,09999998;0,09999999;;
3t;Body4;-0,2149978;-2,039596E-07;-0,5585026;270;269,9999;0;0,09999999;0,09999998;0,09999999;;
3t;Body5;-0,2149978;-2,039596E-07;-0,5585026;270;269,9999;0;0,09999999;0,09999998;0,09999999;;
3t;mk12_handle;-0,2349976;0,005999804;-0,5785031;-2,339372E-06;269,9999;1,282884E-06;0,001;0,001;0,001;;
3t;Body1;-0,2349976;0,005999804;-0,5785031;270;269,9999;0;0,09999999;0,09999998;0,09999999;;
3t;Body3;-0,2349976;0,005999804;-0,5785031;270;269,9999;0;0,09999999;0,09999998;0,09999999;;
3t;GameObject (1);-0,2149995;-6,146729E-08;-0,6430014;-8,537735E-07;-3,415094E-06;-2,134434E-07;1;1;1;;
3t;GameObject (105);-0,2599964;-6,798655E-08;-0,6430017;270;9,659346E-06;0;11;-40;2;;
3t;label;-0,2654954;0,0004998147;-0,6630023;270;1,448902E-05;0;0,011;-0,04;0,001;;
3t;GameObject (106);-0,2029983;-1,504086E-07;-0,640001;270;9,659346E-06;0;10;-22;2;;
3t;label;-0,207998;0,000499852;-0,6510017;270;1,448902E-05;0;0,01;-0,022;0,001;;
3t;GameObject (107);-0,2029987;-1,77417E-07;-0,6640025;270;9,659346E-06;0;10;-22;2;;
3t;label;-0,2079975;0,000499744;-0,6750033;270;1,448902E-05;0;0,01;-0,022;0,001;;
3t;mk12_2pos (1);-0,2149997;-4,656613E-08;-0,6430023;-2,339372E-06;269,9999;1,282884E-06;1;1;1;;
3t;mk_base;-0,2149997;-4,656613E-08;-0,6430023;-2,339372E-06;269,9999;1,282884E-06;0,001;0,001;0,001;;
3t;Body1;-0,2149997;-4,656613E-08;-0,6430023;270;269,9999;0;0,09999999;0,09999998;0,09999999;;
3t;Body2;-0,2149997;-4,656613E-08;-0,6430023;270;269,9999;0;0,09999999;0,09999998;0,09999999;;
3t;Body3;-0,2149997;-4,656613E-08;-0,6430023;270;269,9999;0;0,09999999;0,09999998;0,09999999;;
3t;Body4;-0,2149997;-4,656613E-08;-0,6430023;270;269,9999;0;0,09999999;0,09999998;0,09999999;;
3t;Body5;-0,2149997;-4,656613E-08;-0,6430023;270;269,9999;0;0,09999999;0,09999998;0,09999999;;
3t;mk12_handle;-0,2349987;0,005999894;-0,663004;-2,339372E-06;269,9999;1,282884E-06;0,001;0,001;0,001;;
3t;Body1;-0,2349987;0,005999894;-0,663004;270;269,9999;0;0,09999999;0,09999998;0,09999999;;
3t;Body3;-0,2349987;0,005999894;-0,663004;270;269,9999;0;0,09999999;0,09999998;0,09999999;;
3t;GameObject (2);-0,2150005;2,8871E-08;-0,7275022;-8,537735E-07;-3,415094E-06;-2,134434E-07;1;1;1;;
3t;GameObject (105);-0,2599965;-5,867332E-08;-0,7275027;270;9,659346E-06;0;11;-40;2;;
3t;label;-0,2654966;0,00049992;-0,747504;270;1,448902E-05;0;0,011;-0,04;0,001;;
3t;GameObject (106);-0,2030002;2,188608E-08;-0,7245016;270;9,659346E-06;0;10;-22;2;;
3t;label;-0,2080003;0,000500055;-0,7355042;270;1,448902E-05;0;0,01;-0,022;0,001;;
3t;GameObject (107);-0,2029997;-8,6613E-08;-0,7485033;270;9,659346E-06;0;10;-22;2;;
3t;label;-0,2079985;0,0004998343;-0,7595041;270;1,448902E-05;0;0,01;-0,022;0,001;;
3t;mk12_2pos (1);-0,2150005;2,8871E-08;-0,7275022;-2,339372E-06;269,9999;1,282884E-06;1;1;1;;
3t;mk_base;-0,2150005;2,8871E-08;-0,7275022;-2,339372E-06;269,9999;1,282884E-06;0,001;0,001;0,001;;
3t;Body1;-0,2150005;2,8871E-08;-0,7275022;270;269,9999;0;0,09999999;0,09999998;0,09999999;;
3t;Body2;-0,2150005;2,8871E-08;-0,7275022;270;269,9999;0;0,09999999;0,09999998;0,09999999;;
3t;Body3;-0,2150005;2,8871E-08;-0,7275022;270;269,9999;0;0,09999999;0,09999998;0,09999999;;
3t;Body4;-0,2150005;2,8871E-08;-0,7275022;270;269,9999;0;0,09999999;0,09999998;0,09999999;;
3t;Body5;-0,2150005;2,8871E-08;-0,7275022;270;269,9999;0;0,09999999;0,09999998;0,09999999;;
3t;mk12_handle;-0,2349994;0,005999954;-0,7475029;-2,339372E-06;269,9999;1,282884E-06;0,001;0,001;0,001;;
3t;Body1;-0,2349986;0,005999888;-0,747504;270;269,9999;0;0,09999999;0,09999998;0,09999999;;
3t;Body3;-0,2349986;0,005999888;-0,747504;270;269,9999;0;0,09999999;0,09999998;0,09999999;;
3t;GameObject (3);-0,2150003;7,916242E-09;-0,8120013;-8,537735E-07;-3,415094E-06;-2,134434E-07;1;1;1;;
3t;GameObject (105);-0,2599973;1,676381E-08;-0,8120026;270;9,659346E-06;0;11;-40;2;;
3t;label;-0,2654954;0,0004998175;-0,8320032;270;1,448902E-05;0;0,011;-0,04;0,001;;
3t;GameObject (106);-0,2029992;-6,61239E-08;-0,8090018;270;9,659346E-06;0;10;-22;2;;
3t;label;-0,207998;0,0004998548;-0,8200027;270;1,448902E-05;0;0,01;-0,022;0,001;;
3t;GameObject (107);-0,2030004;-2,607703E-08;-0,8330022;270;9,659346E-06;0;10;-22;2;;
3t;label;-0,2080001;0,0004999768;-0,8440029;270;1,448902E-05;0;0,01;-0,022;0,001;;
3t;mk12_2pos (1);-0,2150003;7,916242E-09;-0,8120013;-2,339372E-06;269,9999;1,282884E-06;1;1;1;;
3t;mk_base;-0,2150003;7,916242E-09;-0,8120013;-2,339372E-06;269,9999;1,282884E-06;0,001;0,001;0,001;;
3t;Body1;-0,2150003;7,916242E-09;-0,8120013;270;269,9999;0;0,09999999;0,09999998;0,09999999;;
3t;Body2;-0,2150003;7,916242E-09;-0,8120013;270;269,9999;0;0,09999999;0,09999998;0,09999999;;
3t;Body3;-0,2150003;7,916242E-09;-0,8120013;270;269,9999;0;0,09999999;0,09999998;0,09999999;;
3t;Body4;-0,2150003;7,916242E-09;-0,8120013;270;269,9999;0;0,09999999;0,09999998;0,09999999;;
3t;Body5;-0,2150003;7,916242E-09;-0,8120013;270;269,9999;0;0,09999999;0,09999998;0,09999999;;
3t;mk12_handle;-0,235;0,006000015;-0,8320018;-2,339372E-06;269,9999;1,282884E-06;0,001;0,001;0,001;;
3t;Body1;-0,235;0,006000015;-0,8320018;270;269,9999;0;0,09999999;0,09999998;0,09999999;;
3t;Body3;-0,235;0,006000015;-0,8320018;270;269,9999;0;0,09999999;0,09999998;0,09999999;;
3t;GameObject (5);-0,328;0;-0,474;0;0;0;1;1;1;;
3t;GameObject (104);-0,3729996;-2,235174E-08;-0,4740004;270;9,659345E-06;0;11;-40;2;;
3t;label;-0,3784985;0,0004998595;-0,4940009;270;9,659346E-06;0;0,011;-0,04;0,0009999999;;
3t;mk11 (1);-0,3279989;-1,043081E-07;-0,4740007;-6,603073E-07;269,9999;-6,603063E-07;1;1;1;;
3t;mk_base;-0,3279981;-1,713634E-07;-0,4740018;-1,264016E-06;269,9999;-6,603059E-07;0,001;0,001;0,001;;
3t;Body1;-0,3279981;-1,713634E-07;-0,4740018;270;269,9999;0;0,1;0,1;0,09999999;;
3t;Body2;-0,3279981;-1,713634E-07;-0,4740018;270;269,9999;0;0,1;0,1;0,09999999;;
3t;Body3;-0,3279981;-1,713634E-07;-0,4740018;270;269,9999;0;0,1;0,1;0,09999999;;
3t;Body4;-0,3279981;-1,713634E-07;-0,4740018;270;269,9999;0;0,1;0,1;0,09999999;;
3t;Body5;-0,3279981;-1,713634E-07;-0,4740018;270;269,9999;0;0,1;0,1;0,09999999;;
3t;mk11_handle;-0,347998;0,005999835;-0,4940023;270;269,9999;0;0,1;0,1;0,09999999;;
3t;GameObject;-0,3279999;-1,490116E-08;-0,5585015;-8,537735E-07;-3,415094E-06;-2,134434E-07;1;1;1;;
3t;GameObject (105);-0,3729968;-2,04891E-08;-0,5585018;270;9,659346E-06;0;11;-40;2;;
3t;label;-0,378496;0,0004998781;-0,5785033;270;1,448902E-05;0;0,011;-0,04;0,001;;
3t;GameObject (106);-0,3159997;-2,04891E-08;-0,5555009;270;9,659346E-06;0;10;-22;2;;
3t;label;-0,3209985;0,0004998408;-0,5665019;270;1,448902E-05;0;0,01;-0,022;0,001;;
3t;GameObject (107);-0,3160001;-4,656613E-08;-0,5795024;270;9,659346E-06;0;10;-22;2;;
3t;label;-0,3209998;0,0004998948;-0,5905031;270;1,448902E-05;0;0,01;-0,022;0,001;;
3t;mk12_2pos (1);-0,3279999;-1,490116E-08;-0,5585015;-2,339372E-06;269,9999;1,282884E-06;1;1;1;;
3t;mk_base;-0,3279999;-1,490116E-08;-0,5585015;-2,339372E-06;269,9999;1,282884E-06;0,001;0,001;0,001;;
3t;Body1;-0,3279999;-1,490116E-08;-0,5585015;270;269,9999;0;0,09999999;0,09999998;0,09999999;;
3t;Body2;-0,3279999;-1,490116E-08;-0,5585015;270;269,9999;0;0,09999999;0,09999998;0,09999999;;
3t;Body3;-0,3279999;-1,490116E-08;-0,5585015;270;269,9999;0;0,09999999;0,09999998;0,09999999;;
3t;Body4;-0,3279999;-1,490116E-08;-0,5585015;270;269,9999;0;0,09999999;0,09999998;0,09999999;;
3t;Body5;-0,3279999;-1,490116E-08;-0,5585015;270;269,9999;0;0,09999999;0,09999998;0,09999999;;
3t;mk12_handle;-0,347999;0,005999927;-0,5785031;-2,339372E-06;269,9999;1,282884E-06;0,001;0,001;0,001;;
3t;Body1;-0,3479988;0,005999912;-0,5785022;270;269,9999;0;0,09999999;0,09999998;0,09999999;;
3t;Body3;-0,3479988;0,005999912;-0,5785022;270;269,9999;0;0,09999999;0,09999998;0,09999999;;
3t;GameObject (1);-0,328;-5,587935E-09;-0,6430025;-8,537735E-07;-3,415094E-06;-2,134434E-07;1;1;1;;
3t;GameObject (105);-0,3729971;3,72529E-09;-0,6430038;270;9,659346E-06;0;11;-40;2;;
3t;label;-0,3784962;0,0004999023;-0,6630052;270;1,448902E-05;0;0,011;-0,04;0,001;;
3t;GameObject (106);-0,3159989;-9,313226E-08;-0,6400021;270;9,659346E-06;0;10;-22;2;;
3t;label;-0,3209993;0,0004999153;-0,6510017;270;1,448902E-05;0;0,01;-0,022;0,001;;
3t;GameObject (107);-0,3160002;-3,72529E-08;-0,6640034;270;9,659346E-06;0;10;-22;2;;
3t;label;-0,3210008;0,0004999842;-0,6750039;270;1,448902E-05;0;0,01;-0,022;0,001;;
3t;mk12_2pos (1);-0,3279991;-8,754432E-08;-0,6430026;-2,339372E-06;269,9999;1,282884E-06;1;1;1;;
3t;mk_base;-0,3279983;-1,527369E-07;-0,6430038;-2,339372E-06;269,9999;1,282884E-06;0,001;0,001;0,001;;
3t;Body1;-0,3279983;-1,527369E-07;-0,6430038;270;269,9999;0;0,09999999;0,09999998;0,09999999;;
3t;Body2;-0,3279983;-1,527369E-07;-0,6430038;270;269,9999;0;0,09999999;0,09999998;0,09999999;;
3t;Body3;-0,3279983;-1,527369E-07;-0,6430038;270;269,9999;0;0,09999999;0,09999998;0,09999999;;
3t;Body4;-0,3279983;-1,527369E-07;-0,6430038;270;269,9999;0;0,09999999;0,09999998;0,09999999;;
3t;Body5;-0,3279983;-1,527369E-07;-0,6430038;270;269,9999;0;0,09999999;0,09999998;0,09999999;;
3t;mk12_handle;-0,347998;0,005999839;-0,6630034;-2,339372E-06;269,9999;1,282884E-06;0,001;0,001;0,001;;
3t;Body1;-0,3479961;0,005999675;-0,6630037;270;269,9999;0;0,09999999;0,09999998;0,09999999;;
3t;Body3;-0,3479961;0,005999675;-0,6630037;270;269,9999;0;0,09999999;0,09999998;0,09999999;;
3t;GameObject (2);-0,3279998;-2,793968E-08;-0,7275016;-8,537735E-07;-3,415094E-06;-2,134434E-07;1;1;1;;
3t;GameObject (105);-0,3729956;-1,285225E-07;-0,7275012;270;9,659346E-06;0;11;-40;2;;
3t;label;-0,3784955;0,0004998371;-0,7475015;270;1,448902E-05;0;0,011;-0,04;0,001;;
3t;GameObject (106);-0,3159988;-1,005828E-07;-0,7245021;270;9,659346E-06;0;10;-22;2;;
3t;label;-0,3209993;0,0004999097;-0,7355018;270;1,448902E-05;0;0,01;-0,022;0,001;;
3t;GameObject (107);-0,315999;-1,41561E-07;-0,7485027;270;9,659346E-06;0;10;-22;2;;
3t;label;-0,3209987;0,0004998017;-0,7595034;270;1,448902E-05;0;0,01;-0,022;0,001;;
3t;mk12_2pos (1);-0,3279998;-2,793968E-08;-0,7275016;-2,339372E-06;269,9999;1,282884E-06;1;1;1;;
3t;mk_base;-0,3279998;-2,793968E-08;-0,7275016;-2,339372E-06;269,9999;1,282884E-06;0,001;0,001;0,001;;
3t;Body1;-0,3279998;-2,793968E-08;-0,7275016;270;269,9999;0;0,09999999;0,09999998;0,09999999;;
3t;Body2;-0,3279998;-2,793968E-08;-0,7275016;270;269,9999;0;0,09999999;0,09999998;0,09999999;;
3t;Body3;-0,3279998;-2,793968E-08;-0,7275016;270;269,9999;0;0,09999999;0,09999998;0,09999999;;
3t;Body4;-0,3279998;-2,793968E-08;-0,7275016;270;269,9999;0;0,09999999;0,09999998;0,09999999;;
3t;Body5;-0,3279998;-2,793968E-08;-0,7275016;270;269,9999;0;0,09999999;0,09999998;0,09999999;;
3t;mk12_handle;-0,3479989;0,005999913;-0,7475032;-2,339372E-06;269,9999;1,282884E-06;0,001;0,001;0,001;;
3t;Body1;-0,347999;0,005999929;-0,7475042;270;269,9999;0;0,09999999;0,09999998;0,09999999;;
3t;Body3;-0,347999;0,005999929;-0,7475042;270;269,9999;0;0,09999999;0,09999998;0,09999999;;
3t;GameObject (3);-0,3279997;-3,352761E-08;-0,8120016;-8,537735E-07;-3,415094E-06;-2,134434E-07;1;1;1;;
3t;GameObject (105);-0,3729966;-4,097819E-08;-0,812002;270;9,659346E-06;0;11;-40;2;;
3t;label;-0,3784965;0,0004999246;-0,8320023;270;1,448902E-05;0;0,011;-0,04;0,001;;
3t;GameObject (106);-0,3159987;-1,061708E-07;-0,8090022;270;9,659346E-06;0;10;-22;2;;
3t;label;-0,3209984;0,0004998371;-0,8200029;270;1,448902E-05;0;0,01;-0,022;0,001;;
3t;GameObject (107);-0,3160002;-3,632158E-08;-0,8330044;270;9,659346E-06;0;10;-22;2;;
3t;label;-0,3210007;0,0004999731;-0,844004;270;1,448902E-05;0;0,01;-0,022;0,001;;
3t;mk12_2pos (1);-0,3279997;-3,352761E-08;-0,8120016;-2,339372E-06;269,9999;1,282884E-06;1;1;1;;
3t;mk_base;-0,3279997;-3,352761E-08;-0,8120016;-2,339372E-06;269,9999;1,282884E-06;0,001;0,001;0,001;;
3t;Body1;-0,3279997;-3,352761E-08;-0,8120016;270;269,9999;0;0,09999999;0,09999998;0,09999999;;
3t;Body2;-0,3279997;-3,352761E-08;-0,8120016;270;269,9999;0;0,09999999;0,09999998;0,09999999;;
3t;Body3;-0,3279997;-3,352761E-08;-0,8120016;270;269,9999;0;0,09999999;0,09999998;0,09999999;;
3t;Body4;-0,3279997;-3,352761E-08;-0,8120016;270;269,9999;0;0,09999999;0,09999998;0,09999999;;
3t;Body5;-0,3279997;-3,352761E-08;-0,8120016;270;269,9999;0;0,09999999;0,09999998;0,09999999;;
3t;mk12_handle;-0,3479988;0,005999908;-0,8320033;-2,339372E-06;269,9999;1,282884E-06;0,001;0,001;0,001;;
3t;Body1;-0,347999;0,005999924;-0,8320042;270;269,9999;0;0,09999999;0,09999998;0,09999999;;
3t;Body3;-0,347999;0,005999924;-0,8320042;270;269,9999;0;0,09999999;0,09999998;0,09999999;;
3t;GameObject (147);-0,248;0;-0,097;270;0;0;418;-349;5;;
3t;plate;-0,4570002;0,001250017;-0,2715011;270;4,829673E-06;0;0,418;-0,349;0,002500001;;
3t;GameObject (149);-0,676;0;-0,099;270;0;0;137;-344;5;;
3t;plate;-0,7445009;0,00125004;-0,2709999;270;4,829673E-06;0;0,137;-0,344;0,002500001;;
3t;GameObject (150);-0,434;0;-0,621;270;0;0;382;-247;5;;
3t;plate;-0,624999;0,001249902;-0,7445015;270;4,829673E-06;0;0,382;-0,247;0,002500001;;
3t;GameObject (148);-0,484;0;-0,446;270;0;0;138;-86;5;;
3t;plate;-0,5530006;0,001250058;-0,4890001;270;4,829673E-06;0;0,138;-0,08600001;0,002500001;;
3t;GameObject;-0,5615;0,0025;-0,2715;0;0;0;1;1;1;;
3t;GameObject (111);-0,5749989;0,002499998;-0,2660016;270;9,659345E-06;0;11;-40;2;;
3t;label;-0,5804988;0,002999961;-0,2860019;270;9,659346E-06;0;0,011;-0,04;0,0009999999;;
3t;p2p1ta (19);-0,5615001;0,002499975;-0,3005011;1,528138E-06;270,0002;6,225773E-07;0,9999999;1;0,9999999;;
3t;Body1;-0,5615001;0,002499975;-0,3005011;270;270,0002;0;0,1;0,1;0,1;;
3t;Body1.001;-0,5615001;0,002499975;-0,3005011;270;270,0002;0;0,1;0,1;0,1;;
3t;Body2;-0,5615001;0,002499975;-0,3005011;270;270,0002;0;0,1;0,1;0,1;;
3t;Body3;-0,5615001;0,002499975;-0,3005011;270;270,0002;0;0,1;0,1;0,1;;
3t;valveind (3);-0,5330003;0,00250002;-0,2860002;-8,537735E-07;-3,415094E-06;-2,134434E-07;1;1;1;;
3t;Body1;-0,5330003;0,00250002;-0,2860002;270;4,829673E-06;0;0,1;0,1;0,1;;
3t;Body2;-0,5330003;0,00250002;-0,2860002;270;4,829673E-06;0;0,1;0,1;0,1;;
3t;Body3;-0,5330003;0,00250002;-0,2860002;270;4,829673E-06;0;0,1;0,1;0,1;;
3t;Body6;-0,5330003;0,00250002;-0,2860002;270;4,829673E-06;0;0,1;0,1;0,1;;
3t;p2p1ta (20);-0,5614994;0,002499908;-0,2714998;1,528138E-06;270,0002;6,225773E-07;0,9999999;1;0,9999999;;
3t;Body1;-0,5614995;0,002499923;-0,2715008;270;270,0002;0;0,1;0,1;0,1;;
3t;Body1.001;-0,5614995;0,002499923;-0,2715008;270;270,0002;0;0,1;0,1;0,1;;
3t;Body2;-0,5614995;0,002499923;-0,2715008;270;270,0002;0;0,1;0,1;0,1;;
3t;Body3;-0,5614995;0,002499923;-0,2715008;270;270,0002;0;0,1;0,1;0,1;;
3t;GameObject (1);-0,5615;0,0025;-0,3355;0;0;0;1;1;1;;
3t;GameObject (111);-0,5749984;0,002499949;-0,3300006;270;9,659345E-06;0;11;-40;2;;
3t;label;-0,5804973;0,002999831;-0,3500011;270;9,659346E-06;0;0,011;-0,04;0,0009999999;;
3t;p2p1ta (19);-0,5614997;0,002499942;-0,3645011;1,528138E-06;270,0002;6,225773E-07;0,9999999;1;0,9999999;;
3t;Body1;-0,5614997;0,002499942;-0,3645011;270;270,0002;0;0,1;0,1;0,1;;
3t;Body1.001;-0,5614997;0,002499942;-0,3645011;270;270,0002;0;0,1;0,1;0,1;;
3t;Body2;-0,5614997;0,002499942;-0,3645011;270;270,0002;0;0,1;0,1;0,1;;
3t;Body3;-0,5614997;0,002499942;-0,3645011;270;270,0002;0;0,1;0,1;0,1;;
3t;valveind (3);-0,5330011;0,002500083;-0,3500009;-8,537735E-07;-3,415094E-06;-2,134434E-07;1;1;1;;
3t;Body1;-0,5330002;0,002500016;-0,350002;270;4,829673E-06;0;0,1;0,1;0,1;;
3t;Body2;-0,5330002;0,002500016;-0,350002;270;4,829673E-06;0;0,1;0,1;0,1;;
3t;Body3;-0,5330002;0,002500016;-0,350002;270;4,829673E-06;0;0,1;0,1;0,1;;
3t;Body6;-0,5330002;0,002500016;-0,350002;270;4,829673E-06;0;0,1;0,1;0,1;;
3t;p2p1ta (20);-0,5615002;0,002499983;-0,3355015;1,528138E-06;270,0002;6,225773E-07;0,9999999;1;0,9999999;;
3t;Body1;-0,5615002;0,002499983;-0,3355015;270;270,0002;0;0,1;0,1;0,1;;
3t;Body1.001;-0,5615002;0,002499983;-0,3355015;270;270,0002;0;0,1;0,1;0,1;;
3t;Body2;-0,5615002;0,002499983;-0,3355015;270;270,0002;0;0,1;0,1;0,1;;
3t;Body3;-0,5615002;0,002499983;-0,3355015;270;270,0002;0;0,1;0,1;0,1;;
3t;GameObject (6);-0,6175;0,0025;-0,2715;0;0;0;1;1;1;;
3t;GameObject (111);-0,6309977;0,002499886;-0,2660016;270;9,659345E-06;0;11;-40;2;;
3t;label;-0,6364968;0,002999783;-0,2860031;270;9,659346E-06;0;0,011;-0,04;0,0009999999;;
3t;p2p1ta (19);-0,6174991;0,002499938;-0,3005021;1,528138E-06;270,0002;6,225773E-07;0,9999999;1;0,9999999;;
3t;Body1;-0,6174991;0,002499938;-0,3005021;270;270,0002;0;0,1;0,1;0,1;;
3t;Body1.001;-0,6174991;0,002499938;-0,3005021;270;270,0002;0;0,1;0,1;0,1;;
3t;Body2;-0,6174991;0,002499938;-0,3005021;270;270,0002;0;0,1;0,1;0,1;;
3t;Body3;-0,6174991;0,002499938;-0,3005021;270;270,0002;0;0,1;0,1;0,1;;
3t;p2p1ta (20);-0,6174992;0,002499953;-0,2715006;1,528138E-06;270,0002;6,225773E-07;0,9999999;1;0,9999999;;
3t;Body1;-0,6174992;0,002499953;-0,2715006;270;270,0002;0;0,1;0,1;0,1;;
3t;Body1.001;-0,6174992;0,002499953;-0,2715006;270;270,0002;0;0,1;0,1;0,1;;
3t;Body2;-0,6174992;0,002499953;-0,2715006;270;270,0002;0;0,1;0,1;0,1;;
3t;Body3;-0,6174992;0,002499953;-0,2715006;270;270,0002;0;0,1;0,1;0,1;;
3t;GameObject (7);-0,6175;0,0025;-0,3355;0;0;0;1;1;1;;
3t;GameObject (111);-0,6309993;0,002500031;-0,3300022;270;9,659345E-06;0;11;-40;2;;
3t;label;-0,636499;0,00299998;-0,3500016;270;9,659346E-06;0;0,011;-0,04;0,0009999999;;
3t;p2p1ta (19);-0,6174996;0,00249999;-0,3645019;1,528138E-06;270,0002;6,225773E-07;0,9999999;1;0,9999999;;
3t;Body1;-0,6174989;0,002499923;-0,364503;270;270,0002;0;0,1;0,1;0,1;;
3t;Body1.001;-0,6174989;0,002499923;-0,364503;270;270,0002;0;0,1;0,1;0,1;;
3t;Body2;-0,6174989;0,002499923;-0,364503;270;270,0002;0;0,1;0,1;0,1;;
3t;Body3;-0,6174989;0,002499923;-0,364503;270;270,0002;0;0,1;0,1;0,1;;
3t;p2p1ta (20);-0,6174989;0,002499923;-0,3355006;1,528138E-06;270,0002;6,225773E-07;0,9999999;1;0,9999999;;
3t;Body1;-0,6174989;0,002499923;-0,3355006;270;270,0002;0;0,1;0,1;0,1;;
3t;Body1.001;-0,6174989;0,002499923;-0,3355006;270;270,0002;0;0,1;0,1;0,1;;
3t;Body2;-0,6174989;0,002499923;-0,3355006;270;270,0002;0;0,1;0,1;0,1;;
3t;Body3;-0,6174989;0,002499923;-0,3355006;270;270,0002;0;0,1;0,1;0,1;;
3t;GameObject (2);-0,5615;0,0025;-0,3995;0;0;0;1;1;1;;
3t;GameObject (111);-0,5749991;0,002500013;-0,3940013;270;9,659345E-06;0;11;-40;2;;
3t;label;-0,580498;0,002999898;-0,4140019;270;9,659346E-06;0;0,011;-0,04;0,0009999999;;
3t;p2p1ta (19);-0,5614997;0,002499938;-0,4285029;1,528138E-06;270,0002;6,225773E-07;0,9999999;1;0,9999999;;
3t;Body1;-0,5614997;0,002499938;-0,4285029;270;270,0002;0;0,1;0,1;0,1;;
3t;Body1.001;-0,5614997;0,002499938;-0,4285029;270;270,0002;0;0,1;0,1;0,1;;
3t;Body2;-0,5614997;0,002499938;-0,4285029;270;270,0002;0;0,1;0,1;0,1;;
3t;Body3;-0,5614997;0,002499938;-0,4285029;270;270,0002;0;0,1;0,1;0,1;;
3t;valveind (3);-0,5330005;0,002500035;-0,4139999;-8,537735E-07;-3,415094E-06;-2,134434E-07;1;1;1;;
3t;Body1;-0,5330005;0,002500035;-0,4139999;270;4,829673E-06;0;0,1;0,1;0,1;;
3t;Body2;-0,5330005;0,002500035;-0,4139999;270;4,829673E-06;0;0,1;0,1;0,1;;
3t;Body3;-0,5330005;0,002500035;-0,4139999;270;4,829673E-06;0;0,1;0,1;0,1;;
3t;Body6;-0,5330005;0,002500035;-0,4139999;270;4,829673E-06;0;0,1;0,1;0,1;;
3t;p2p1ta (20);-0,5614998;0,002499953;-0,3995014;1,528138E-06;270,0002;6,225773E-07;0,9999999;1;0,9999999;;
3t;Body1;-0,5614998;0,002499953;-0,3995014;270;270,0002;0;0,1;0,1;0,1;;
3t;Body1.001;-0,5614998;0,002499953;-0,3995014;270;270,0002;0;0,1;0,1;0,1;;
3t;Body2;-0,5614998;0,002499953;-0,3995014;270;270,0002;0;0,1;0,1;0,1;;
3t;Body3;-0,5614998;0,002499953;-0,3995014;270;270,0002;0;0,1;0,1;0,1;;
3t;GameObject (3);-0,5615;0,0025;-0,4635;0;0;0;1;1;1;;
3t;GameObject (111);-0,5749991;0,002500013;-0,4580032;270;9,659345E-06;0;11;-40;2;;
3t;label;-0,5804989;0,002999976;-0,4780035;270;9,659346E-06;0;0,011;-0,04;0,0009999999;;
3t;p2p1ta (19);-0,5614993;0,002499904;-0,4925029;1,528138E-06;270,0002;6,225773E-07;0,9999999;1;0,9999999;;
3t;Body1;-0,5614995;0,002499919;-0,4925038;270;270,0002;0;0,1;0,1;0,1;;
3t;Body1.001;-0,5614995;0,002499919;-0,4925038;270;270,0002;0;0,1;0,1;0,1;;
3t;Body2;-0,5614995;0,002499919;-0,4925038;270;270,0002;0;0,1;0,1;0,1;;
3t;Body3;-0,5614995;0,002499919;-0,4925038;270;270,0002;0;0,1;0,1;0,1;;
3t;valveind (3);-0,5330005;0,002500031;-0,4780017;-8,537735E-07;-3,415094E-06;-2,134434E-07;1;1;1;;
3t;Body1;-0,5330005;0,002500031;-0,4780017;270;4,829673E-06;0;0,1;0,1;0,1;;
3t;Body2;-0,5330005;0,002500031;-0,4780017;270;4,829673E-06;0;0,1;0,1;0,1;;
3t;Body3;-0,5330005;0,002500031;-0,4780017;270;4,829673E-06;0;0,1;0,1;0,1;;
3t;Body6;-0,5330005;0,002500031;-0,4780017;270;4,829673E-06;0;0,1;0,1;0,1;;
3t;p2p1ta (20);-0,5614984;0,002499823;-0,4635006;1,528138E-06;270,0002;6,225773E-07;0,9999999;1;0,9999999;;
3t;Body1;-0,5614984;0,002499823;-0,4635006;270;270,0002;0;0,1;0,1;0,1;;
3t;Body1.001;-0,5614984;0,002499823;-0,4635006;270;270,0002;0;0,1;0,1;0,1;;
3t;Body2;-0,5614984;0,002499823;-0,4635006;270;270,0002;0;0,1;0,1;0,1;;
3t;Body3;-0,5614984;0,002499823;-0,4635006;270;270,0002;0;0,1;0,1;0,1;;
3t;mtkind v4 (1);-0,604;0,0025;-0,17;270;269,9999;0;1;1;1;;
3t;Body1;-0,6040005;0,003000017;-0,1700002;270;269,9999;0;0,1;0,1;0,1;;
3t;Point Light;-0,6239996;0,03024002;-0,1900001;90;269,9998;0;1;0,9999999;1;;
3t;GameObject (8);-0,7215;0,0025;-0,1275;0;0;0;1;1;1;;
3t;GameObject (111);-0,735;0,002499972;-0,1230002;270;1,448902E-05;0;10;-40;2;;
3t;label;-0,7399995;0,002999898;-0,1430008;270;1,448902E-05;0;0,01;-0,04;0,001;;
3t;p2p1ta (19);-0,7215003;0,002500053;-0,1584999;3,188338E-06;270,0002;7,735072E-07;0,9999999;1;0,9999999;;
3t;Body1;-0,7215003;0,002500053;-0,1584999;270;270,0002;0;0,1;0,1;0,1;;
3t;Body1.001;-0,7215003;0,002500053;-0,1584999;270;270,0002;0;0,1;0,1;0,1;;
3t;Body2;-0,7215003;0,002500053;-0,1584999;270;270,0002;0;0,1;0,1;0,1;;
3t;Body3;-0,7215003;0,002500053;-0,1584999;270;270,0002;0;0,1;0,1;0,1;;
3t;valveind (3);-0,6919999;0,00250002;-0,1430004;-8,537735E-07;-3,415094E-06;-2,134434E-07;1;1;1;;
3t;Body1;-0,6919999;0,00250002;-0,1430004;270;4,829673E-06;0;0,1;0,1;0,1;;
3t;Body2;-0,6919999;0,00250002;-0,1430004;270;4,829673E-06;0;0,1;0,1;0,1;;
3t;Body3;-0,6919999;0,00250002;-0,1430004;270;4,829673E-06;0;0,1;0,1;0,1;;
3t;Body6;-0,6919999;0,00250002;-0,1430004;270;4,829673E-06;0;0,1;0,1;0,1;;
3t;p2p1ta (20);-0,7214998;0,002500005;-0,1275005;3,188338E-06;270,0002;7,735072E-07;0,9999999;1;0,9999999;;
3t;Body1;-0,7214998;0,002500005;-0,1275005;270;270,0002;0;0,1;0,1;0,1;;
3t;Body1.001;-0,7214998;0,002500005;-0,1275005;270;270,0002;0;0,1;0,1;0,1;;
3t;Body2;-0,7214998;0,002500005;-0,1275005;270;270,0002;0;0,1;0,1;0,1;;
3t;Body3;-0,7214998;0,002500005;-0,1275005;270;270,0002;0;0,1;0,1;0,1;;
3t;GameObject (9);-0,7215;0,0025;-0,2115;0;0;0;1;1;1;;
3t;GameObject (111);-0,7350005;0,002500009;-0,2070006;270;1,448902E-05;0;10;-40;2;;
3t;label;-0,740001;0,003000032;-0,227002;270;1,448902E-05;0;0,01;-0,04;0,001;;
3t;p2p1ta (19);-0,721499;0,002499931;-0,2425007;3,188338E-06;270,0002;7,735072E-07;0,9999999;1;0,9999999;;
3t;Body1;-0,7214991;0,002499945;-0,2425016;270;270,0002;0;0,1;0,1;0,1;;
3t;Body1.001;-0,7214991;0,002499945;-0,2425016;270;270,0002;0;0,1;0,1;0,1;;
3t;Body2;-0,7214991;0,002499945;-0,2425016;270;270,0002;0;0,1;0,1;0,1;;
3t;Body3;-0,7214991;0,002499945;-0,2425016;270;270,0002;0;0,1;0,1;0,1;;
3t;valveind (3);-0,6919984;0,002499897;-0,2270012;-8,537735E-07;-3,415094E-06;-2,134434E-07;1;1;1;;
3t;Body1;-0,6919976;0,00249983;-0,2270023;270;4,829673E-06;0;0,1;0,1;0,1;;
3t;Body2;-0,6919976;0,00249983;-0,2270023;270;4,829673E-06;0;0,1;0,1;0,1;;
3t;Body3;-0,6919976;0,00249983;-0,2270023;270;4,829673E-06;0;0,1;0,1;0,1;;
3t;Body6;-0,6919976;0,00249983;-0,2270023;270;4,829673E-06;0;0,1;0,1;0,1;;
3t;p2p1ta (20);-0,7215;0,002500027;-0,2115;3,188338E-06;270,0002;7,735072E-07;0,9999999;1;0,9999999;;
3t;Body1;-0,7215;0,002500027;-0,2115;270;270,0002;0;0,1;0,1;0,1;;
3t;Body1.001;-0,7215;0,002500027;-0,2115;270;270,0002;0;0,1;0,1;0,1;;
3t;Body2;-0,7215;0,002500027;-0,2115;270;270,0002;0;0,1;0,1;0,1;;
3t;Body3;-0,7215;0,002500027;-0,2115;270;270,0002;0;0,1;0,1;0,1;;
3t;GameObject (10);-0,7215;0,0025;-0,2955;0;0;0;1;1;1;;
3t;GameObject (111);-0,7349998;0,002499949;-0,2910003;270;1,448902E-05;0;10;-40;2;;
3t;label;-0,7400004;0,002999973;-0,3110017;270;1,448902E-05;0;0,01;-0,04;0,001;;
3t;p2p1ta (19);-0,7215011;0,002500117;-0,3264998;3,188338E-06;270,0002;7,735072E-07;0,9999999;1;0,9999999;;
3t;Body1;-0,7215011;0,002500117;-0,3264998;270;270,0002;0;0,1;0,1;0,1;;
3t;Body1.001;-0,7215011;0,002500117;-0,3264998;270;270,0002;0;0,1;0,1;0,1;;
3t;Body2;-0,7215011;0,002500117;-0,3264998;270;270,0002;0;0,1;0,1;0,1;;
3t;Body3;-0,7215011;0,002500117;-0,3264998;270;270,0002;0;0,1;0,1;0,1;;
3t;valveind (3);-0,6919987;0,002499919;-0,3110007;-8,537735E-07;-3,415094E-06;-2,134434E-07;1;1;1;;
3t;Body1;-0,6919987;0,002499919;-0,3110007;270;4,829673E-06;0;0,1;0,1;0,1;;
3t;Body2;-0,6919987;0,002499919;-0,3110007;270;4,829673E-06;0;0,1;0,1;0,1;;
3t;Body3;-0,6919987;0,002499919;-0,3110007;270;4,829673E-06;0;0,1;0,1;0,1;;
3t;Body6;-0,6919987;0,002499919;-0,3110007;270;4,829673E-06;0;0,1;0,1;0,1;;
3t;p2p1ta (20);-0,7215005;0,002500065;-0,2955005;3,188338E-06;270,0002;7,735072E-07;0,9999999;1;0,9999999;;
3t;Body1;-0,7215005;0,002500065;-0,2955005;270;270,0002;0;0,1;0,1;0,1;;
3t;Body1.001;-0,7215005;0,002500065;-0,2955005;270;270,0002;0;0,1;0,1;0,1;;
3t;Body2;-0,7215005;0,002500065;-0,2955005;270;270,0002;0;0,1;0,1;0,1;;
3t;Body3;-0,7215005;0,002500065;-0,2955005;270;270,0002;0;0,1;0,1;0,1;;
3t;GameObject (12);-0,7695;0,0025;-0,1275;0;0;0;1;1;1;;
3t;GameObject (111);-0,7830004;0,002500009;-0,1229998;270;1,448902E-05;0;10;-40;2;;
3t;label;-0,7879999;0,002999939;-0,1430004;270;1,448902E-05;0;0,01;-0,04;0,001;;
3t;p2p1ta (19);-0,7694989;0,002499871;-0,1584999;3,188338E-06;270,0002;7,735072E-07;0,9999999;1;0,9999999;;
3t;Body1;-0,7694987;0,002499856;-0,158499;270;270,0002;0;0,1;0,1;0,1;;
3t;Body1.001;-0,7694987;0,002499856;-0,158499;270;270,0002;0;0,1;0,1;0,1;;
3t;Body2;-0,7694987;0,002499856;-0,158499;270;270,0002;0;0,1;0,1;0,1;;
3t;Body3;-0,7694987;0,002499856;-0,158499;270;270,0002;0;0,1;0,1;0,1;;
3t;p2p1ta (20);-0,7695001;0,002499979;-0,1275002;3,188338E-06;270,0002;7,735072E-07;0,9999999;1;0,9999999;;
3t;Body1;-0,7695001;0,002499979;-0,1275002;270;270,0002;0;0,1;0,1;0,1;;
3t;Body1.001;-0,7695001;0,002499979;-0,1275002;270;270,0002;0;0,1;0,1;0,1;;
3t;Body2;-0,7695001;0,002499979;-0,1275002;270;270,0002;0;0,1;0,1;0,1;;
3t;Body3;-0,7695001;0,002499979;-0,1275002;270;270,0002;0;0,1;0,1;0,1;;
3t;GameObject (13);-0,7695;0,0025;-0,2115;0;0;0;1;1;1;;
3t;GameObject (111);-0,7830001;0,002499983;-0,2070014;270;1,448902E-05;0;10;-40;2;;
3t;label;-0,7879997;0,002999928;-0,2270029;270;1,448902E-05;0;0,01;-0,04;0,001;;
3t;p2p1ta (19);-0,7694993;0,002499912;-0,2425003;3,188338E-06;270,0002;7,735072E-07;0,9999999;1;0,9999999;;
3t;Body1;-0,7694995;0,002499927;-0,2425013;270;270,0002;0;0,1;0,1;0,1;;
3t;Body1.001;-0,7694995;0,002499927;-0,2425013;270;270,0002;0;0,1;0,1;0,1;;
3t;Body2;-0,7694995;0,002499927;-0,2425013;270;270,0002;0;0,1;0,1;0,1;;
3t;Body3;-0,7694995;0,002499927;-0,2425013;270;270,0002;0;0,1;0,1;0,1;;
3t;p2p1ta (20);-0,7695006;0,002500024;-0,2115006;3,188338E-06;270,0002;7,735072E-07;0,9999999;1;0,9999999;;
3t;Body1;-0,7695015;0,002500106;-0,2115004;270;270,0002;0;0,1;0,1;0,1;;
3t;Body1.001;-0,7695015;0,002500106;-0,2115004;270;270,0002;0;0,1;0,1;0,1;;
3t;Body2;-0,7695015;0,002500106;-0,2115004;270;270,0002;0;0,1;0,1;0,1;;
3t;Body3;-0,7695015;0,002500106;-0,2115004;270;270,0002;0;0,1;0,1;0,1;;
3t;GameObject (14);-0,7695;0,0025;-0,2955;0;0;0;1;1;1;;
3t;GameObject (111);-0,7829994;0,002499931;-0,2910011;270;1,448902E-05;0;10;-40;2;;
3t;label;-0,7879998;0,002999991;-0,3110014;270;1,448902E-05;0;0,01;-0,04;0,001;;
3t;p2p1ta (19);-0,7694995;0,002499934;-0,3264998;3,188338E-06;270,0002;7,735072E-07;0,9999999;1;0,9999999;;
3t;Body1;-0,7694995;0,002499934;-0,3264998;270;270,0002;0;0,1;0,1;0,1;;
3t;Body1.001;-0,7694995;0,002499934;-0,3264998;270;270,0002;0;0,1;0,1;0,1;;
3t;Body2;-0,7694995;0,002499934;-0,3264998;270;270,0002;0;0,1;0,1;0,1;;
3t;Body3;-0,7694995;0,002499934;-0,3264998;270;270,0002;0;0,1;0,1;0,1;;
3t;p2p1ta (20);-0,7694992;0,002499897;-0,2955014;3,188338E-06;270,0002;7,735072E-07;0,9999999;1;0,9999999;;
3t;Body1;-0,7694992;0,002499897;-0,2955014;270;270,0002;0;0,1;0,1;0,1;;
3t;Body1.001;-0,7694992;0,002499897;-0,2955014;270;270,0002;0;0,1;0,1;0,1;;
3t;Body2;-0,7694992;0,002499897;-0,2955014;270;270,0002;0;0,1;0,1;0,1;;
3t;Body3;-0,7694992;0,002499897;-0,2955014;270;270,0002;0;0,1;0,1;0,1;;
3t;GameObject (11);-0,7215;0,0025;-0,3795;0;0;0;1;1;1;;
3t;GameObject (111);-0,7350003;0,00249999;-0,3750007;270;1,448902E-05;0;10;-40;2;;
3t;label;-0,7400008;0,003000014;-0,3950021;270;1,448902E-05;0;0,01;-0,04;0,001;;
3t;p2p1ta (19);-0,7215004;0,002500057;-0,4104995;3,188338E-06;270,0002;7,735072E-07;0,9999999;1;0,9999999;;
3t;Body1;-0,7215004;0,002500057;-0,4104995;270;270,0002;0;0,1;0,1;0,1;;
3t;Body1.001;-0,7215004;0,002500057;-0,4104995;270;270,0002;0;0,1;0,1;0,1;;
3t;Body2;-0,7215004;0,002500057;-0,4104995;270;270,0002;0;0,1;0,1;0,1;;
3t;Body3;-0,7215004;0,002500057;-0,4104995;270;270,0002;0;0,1;0,1;0,1;;
3t;valveind (3);-0,691999;0,002499945;-0,3950002;-8,537735E-07;-3,415094E-06;-2,134434E-07;1;1;1;;
3t;Body1;-0,691998;0,002499864;-0,3950003;270;4,829673E-06;0;0,1;0,1;0,1;;
3t;Body2;-0,691998;0,002499864;-0,3950003;270;4,829673E-06;0;0,1;0,1;0,1;;
3t;Body3;-0,691998;0,002499864;-0,3950003;270;4,829673E-06;0;0,1;0,1;0,1;;
3t;Body6;-0,691998;0,002499864;-0,3950003;270;4,829673E-06;0;0,1;0,1;0,1;;
3t;p2p1ta (20);-0,7214991;0,002499938;-0,3795013;3,188338E-06;270,0002;7,735072E-07;0,9999999;1;0,9999999;;
3t;Body1;-0,7214991;0,002499938;-0,3795013;270;270,0002;0;0,1;0,1;0,1;;
3t;Body1.001;-0,7214991;0,002499938;-0,3795013;270;270,0002;0;0,1;0,1;0,1;;
3t;Body2;-0,7214991;0,002499938;-0,3795013;270;270,0002;0;0,1;0,1;0,1;;
3t;Body3;-0,7214991;0,002499938;-0,3795013;270;270,0002;0;0,1;0,1;0,1;;
3t;GameObject (15);-0,279;0,0025;-0,257;0;0;0;1;1;1;;
3t;GameObject (118);-0,2780003;0,002500015;-0,3760005;270;9,659345E-06;0;11;-40;2;;
3t;label;-0,283499;0,002999884;-0,3960001;270;9,659346E-06;0;0,011;-0,04;0,0009999999;;
3t;bruk v8;-0,2789997;0,002499981;-0,2570003;270;269,9996;0;0,9999999;1;1;;
3t;Body1;-0,2789997;0,002499981;-0,2570003;270;269,9996;0;0,1;0,1;0,1;;
3t;Body4;-0,2789997;0,002499981;-0,2570003;270;269,9996;0;0,1;0,1;0,1;;
3t;Body13;-0,2789997;0,002499981;-0,2570003;270;269,9996;0;0,1;0,1;0,1;;
3t;Body15;-0,2789997;0,002499981;-0,2570003;270;269,9996;0;0,1;0,1;0,1;;
3t;Body16;-0,2789997;0,002499981;-0,2570003;270;269,9996;0;0,1;0,1;0,1;;
3t;Body17;-0,2789997;0,002499981;-0,2570003;270;269,9996;0;0,1;0,1;0,1;;
3t;Body18;-0,2789997;0,002499981;-0,2570003;270;269,9996;0;0,1;0,1;0,1;;
3t;Body19;-0,2789997;0,002499981;-0,2570003;270;269,9996;0;0,1;0,1;0,1;;
3t;Body21;-0,2789997;0,002499981;-0,2570003;270;269,9996;0;0,1;0,1;0,1;;
3t;Body22;-0,2789997;0,002499981;-0,2570003;270;269,9996;0;0,1;0,1;0,1;;
3t;Body24;-0,2789997;0,002499981;-0,2570003;270;269,9996;0;0,1;0,1;0,1;;
3t;Body25;-0,2789997;0,002499981;-0,2570003;270;269,9996;0;0,1;0,1;0,1;;
3t;Body26;-0,2789997;0,002499981;-0,2570003;270;269,9996;0;0,1;0,1;0,1;;
3t;Body28;-0,2789997;0,002499981;-0,2570003;270;269,9996;0;0,1;0,1;0,1;;
3t;Body30;-0,2789997;0,002499981;-0,2570003;270;269,9996;0;0,1;0,1;0,1;;
3t;Body34;-0,2789997;0,002499981;-0,2570003;270;269,9996;0;0,1;0,1;0,1;;
3t;GameObject (16);-0,319;0,0025;-0,257;0;0;0;1;1;1;;
3t;GameObject (118);-0,3180006;0,002499999;-0,376001;270;9,659345E-06;0;11;-40;2;;
3t;label;-0,3234995;0,002999883;-0,3960016;270;9,659346E-06;0;0,011;-0,04;0,0009999999;;
3t;bruk v8;-0,318999;0,002499927;-0,2570001;270;269,9996;0;0,9999999;1;1;;
3t;Body1;-0,3189979;0,00249983;-0,2569993;270;269,9996;0;0,1;0,1;0,1;;
3t;Body4;-0,3189979;0,00249983;-0,2569993;270;269,9996;0;0,1;0,1;0,1;;
3t;Body13;-0,3189979;0,00249983;-0,2569993;270;269,9996;0;0,1;0,1;0,1;;
3t;Body15;-0,3189979;0,00249983;-0,2569993;270;269,9996;0;0,1;0,1;0,1;;
3t;Body16;-0,3189979;0,00249983;-0,2569993;270;269,9996;0;0,1;0,1;0,1;;
3t;Body17;-0,3189979;0,00249983;-0,2569993;270;269,9996;0;0,1;0,1;0,1;;
3t;Body18;-0,3189979;0,00249983;-0,2569993;270;269,9996;0;0,1;0,1;0,1;;
3t;Body19;-0,3189979;0,00249983;-0,2569993;270;269,9996;0;0,1;0,1;0,1;;
3t;Body21;-0,3189979;0,00249983;-0,2569993;270;269,9996;0;0,1;0,1;0,1;;
3t;Body22;-0,3189979;0,00249983;-0,2569993;270;269,9996;0;0,1;0,1;0,1;;
3t;Body24;-0,3189979;0,00249983;-0,2569993;270;269,9996;0;0,1;0,1;0,1;;
3t;Body25;-0,3189979;0,00249983;-0,2569993;270;269,9996;0;0,1;0,1;0,1;;
3t;Body26;-0,3189979;0,00249983;-0,2569993;270;269,9996;0;0,1;0,1;0,1;;
3t;Body28;-0,3189979;0,00249983;-0,2569993;270;269,9996;0;0,1;0,1;0,1;;
3t;Body30;-0,3189979;0,00249983;-0,2569993;270;269,9996;0;0,1;0,1;0,1;;
3t;Body34;-0,3189979;0,00249983;-0,2569993;270;269,9996;0;0,1;0,1;0,1;;
3t;GameObject (17);-0,359;0,0025;-0,257;0;0;0;1;1;1;;
3t;GameObject (118);-0,3580007;0,002500026;-0,3760006;270;9,659345E-06;0;11;-40;2;;
3t;label;-0,3635015;0,003000073;-0,3960008;270;9,659346E-06;0;0,011;-0,04;0,0009999999;;
3t;bruk v8;-0,3589993;0,00249991;-0,2570006;270;269,9996;0;0,9999999;1;1;;
3t;Body1;-0,3589974;0,002499746;-0,2570009;270;269,9996;0;0,1;0,1;0,1;;
3t;Body4;-0,3589974;0,002499746;-0,2570009;270;269,9996;0;0,1;0,1;0,1;;
3t;Body13;-0,3589974;0,002499746;-0,2570009;270;269,9996;0;0,1;0,1;0,1;;
3t;Body15;-0,3589974;0,002499746;-0,2570009;270;269,9996;0;0,1;0,1;0,1;;
3t;Body16;-0,3589974;0,002499746;-0,2570009;270;269,9996;0;0,1;0,1;0,1;;
3t;Body17;-0,3589974;0,002499746;-0,2570009;270;269,9996;0;0,1;0,1;0,1;;
3t;Body18;-0,3589974;0,002499746;-0,2570009;270;269,9996;0;0,1;0,1;0,1;;
3t;Body19;-0,3589974;0,002499746;-0,2570009;270;269,9996;0;0,1;0,1;0,1;;
3t;Body21;-0,3589974;0,002499746;-0,2570009;270;269,9996;0;0,1;0,1;0,1;;
3t;Body22;-0,3589974;0,002499746;-0,2570009;270;269,9996;0;0,1;0,1;0,1;;
3t;Body24;-0,3589974;0,002499746;-0,2570009;270;269,9996;0;0,1;0,1;0,1;;
3t;Body25;-0,3589974;0,002499746;-0,2570009;270;269,9996;0;0,1;0,1;0,1;;
3t;Body26;-0,3589974;0,002499746;-0,2570009;270;269,9996;0;0,1;0,1;0,1;;
3t;Body28;-0,3589974;0,002499746;-0,2570009;270;269,9996;0;0,1;0,1;0,1;;
3t;Body30;-0,3589974;0,002499746;-0,2570009;270;269,9996;0;0,1;0,1;0,1;;
3t;Body34;-0,3589974;0,002499746;-0,2570009;270;269,9996;0;0,1;0,1;0,1;;
3t;GameObject (18);-0,399;0,0025;-0,257;0;0;0;1;1;1;;
3t;GameObject (118);-0,3980001;0,002499988;-0,3760012;270;9,659345E-06;0;11;-40;2;;
3t;label;-0,4035;0,002999954;-0,3960016;270;9,659346E-06;0;0,011;-0,04;0,0009999999;;
3t;bruk v8;-0,3989994;0,002499936;-0,2570001;270;269,9996;0;0,9999999;1;1;;
3t;Body1;-0,3989994;0,002499936;-0,2570001;270;269,9996;0;0,1;0,1;0,1;;
3t;Body4;-0,3989994;0,002499936;-0,2570001;270;269,9996;0;0,1;0,1;0,1;;
3t;Body13;-0,3989994;0,002499936;-0,2570001;270;269,9996;0;0,1;0,1;0,1;;
3t;Body15;-0,3989994;0,002499936;-0,2570001;270;269,9996;0;0,1;0,1;0,1;;
3t;Body16;-0,3989994;0,002499936;-0,2570001;270;269,9996;0;0,1;0,1;0,1;;
3t;Body17;-0,3989994;0,002499936;-0,2570001;270;269,9996;0;0,1;0,1;0,1;;
3t;Body18;-0,3989994;0,002499936;-0,2570001;270;269,9996;0;0,1;0,1;0,1;;
3t;Body19;-0,3989994;0,002499936;-0,2570001;270;269,9996;0;0,1;0,1;0,1;;
3t;Body21;-0,3989994;0,002499936;-0,2570001;270;269,9996;0;0,1;0,1;0,1;;
3t;Body22;-0,3989994;0,002499936;-0,2570001;270;269,9996;0;0,1;0,1;0,1;;
3t;Body24;-0,3989994;0,002499936;-0,2570001;270;269,9996;0;0,1;0,1;0,1;;
3t;Body25;-0,3989994;0,002499936;-0,2570001;270;269,9996;0;0,1;0,1;0,1;;
3t;Body26;-0,3989994;0,002499936;-0,2570001;270;269,9996;0;0,1;0,1;0,1;;
3t;Body28;-0,3989994;0,002499936;-0,2570001;270;269,9996;0;0,1;0,1;0,1;;
3t;Body30;-0,3989994;0,002499936;-0,2570001;270;269,9996;0;0,1;0,1;0,1;;
3t;Body34;-0,3989994;0,002499936;-0,2570001;270;269,9996;0;0,1;0,1;0,1;;
3t;GameObject (19);-0,439;0,0025;-0,257;0;0;0;1;1;1;;
3t;GameObject (118);-0,4379995;0,002499947;-0,3760019;270;9,659345E-06;0;11;-40;2;;
3t;label;-0,4434986;0,002999846;-0,3960034;270;9,659346E-06;0;0,011;-0,04;0,0009999999;;
3t;bruk v8;-0,4389996;0,002499966;-0,2569997;270;269,9996;0;0,9999999;1;1;;
3t;Body1;-0,4389996;0,002499966;-0,2569997;270;269,9996;0;0,1;0,1;0,1;;
3t;Body4;-0,4389996;0,002499966;-0,2569997;270;269,9996;0;0,1;0,1;0,1;;
3t;Body13;-0,4389996;0,002499966;-0,2569997;270;269,9996;0;0,1;0,1;0,1;;
3t;Body15;-0,4389996;0,002499966;-0,2569997;270;269,9996;0;0,1;0,1;0,1;;
3t;Body16;-0,4389996;0,002499966;-0,2569997;270;269,9996;0;0,1;0,1;0,1;;
3t;Body17;-0,4389996;0,002499966;-0,2569997;270;269,9996;0;0,1;0,1;0,1;;
3t;Body18;-0,4389996;0,002499966;-0,2569997;270;269,9996;0;0,1;0,1;0,1;;
3t;Body19;-0,4389996;0,002499966;-0,2569997;270;269,9996;0;0,1;0,1;0,1;;
3t;Body21;-0,4389996;0,002499966;-0,2569997;270;269,9996;0;0,1;0,1;0,1;;
3t;Body22;-0,4389996;0,002499966;-0,2569997;270;269,9996;0;0,1;0,1;0,1;;
3t;Body24;-0,4389996;0,002499966;-0,2569997;270;269,9996;0;0,1;0,1;0,1;;
3t;Body25;-0,4389996;0,002499966;-0,2569997;270;269,9996;0;0,1;0,1;0,1;;
3t;Body26;-0,4389996;0,002499966;-0,2569997;270;269,9996;0;0,1;0,1;0,1;;
3t;Body28;-0,4389996;0,002499966;-0,2569997;270;269,9996;0;0,1;0,1;0,1;;
3t;Body30;-0,4389996;0,002499966;-0,2569997;270;269,9996;0;0,1;0,1;0,1;;
3t;Body34;-0,4389996;0,002499966;-0,2569997;270;269,9996;0;0,1;0,1;0,1;;
3t;GameObject (20);-0,479;0,0025;-0,257;0;0;0;1;1;1;;
3t;GameObject (118);-0,4780006;0,002499998;-0,3760013;270;9,659345E-06;0;11;-40;2;;
3t;label;-0,4834996;0,002999879;-0,3960018;270;9,659346E-06;0;0,011;-0,04;0,0009999999;;
3t;bruk v8;-0,4789999;0,002500009;-0,2570002;270;269,9996;0;0,9999999;1;1;;
3t;Body1;-0,4789999;0,002500009;-0,2570002;270;269,9996;0;0,1;0,1;0,1;;
3t;Body4;-0,4789999;0,002500009;-0,2570002;270;269,9996;0;0,1;0,1;0,1;;
3t;Body13;-0,4789999;0,002500009;-0,2570002;270;269,9996;0;0,1;0,1;0,1;;
3t;Body15;-0,4789999;0,002500009;-0,2570002;270;269,9996;0;0,1;0,1;0,1;;
3t;Body16;-0,4789999;0,002500009;-0,2570002;270;269,9996;0;0,1;0,1;0,1;;
3t;Body17;-0,4789999;0,002500009;-0,2570002;270;269,9996;0;0,1;0,1;0,1;;
3t;Body18;-0,4789999;0,002500009;-0,2570002;270;269,9996;0;0,1;0,1;0,1;;
3t;Body19;-0,4789999;0,002500009;-0,2570002;270;269,9996;0;0,1;0,1;0,1;;
3t;Body21;-0,4789999;0,002500009;-0,2570002;270;269,9996;0;0,1;0,1;0,1;;
3t;Body22;-0,4789999;0,002500009;-0,2570002;270;269,9996;0;0,1;0,1;0,1;;
3t;Body24;-0,4789999;0,002500009;-0,2570002;270;269,9996;0;0,1;0,1;0,1;;
3t;Body25;-0,4789999;0,002500009;-0,2570002;270;269,9996;0;0,1;0,1;0,1;;
3t;Body26;-0,4789999;0,002500009;-0,2570002;270;269,9996;0;0,1;0,1;0,1;;
3t;Body28;-0,4789999;0,002500009;-0,2570002;270;269,9996;0;0,1;0,1;0,1;;
3t;Body30;-0,4789999;0,002500009;-0,2570002;270;269,9996;0;0,1;0,1;0,1;;
3t;Body34;-0,4789999;0,002500009;-0,2570002;270;269,9996;0;0,1;0,1;0,1;;
3t;GameObject (118);-0,7095;0;-0,571;270;9,659345E-06;0;10;-40;2;;
3t;label;-0,7144992;0,0004999042;-0,591;270;9,659346E-06;0;0,01;-0,04;0,001;;
3t;GameObject (119);-0,621;0,0025;-0,811;270;9,659345E-06;0;10;-40;2;;
3t;label;-0,6260005;0,003000028;-0,8310008;270;9,659346E-06;0;0,01;-0,04;0,001;;
3t;GameObject (120);-0,661;0,0025;-0,811;270;9,659345E-06;0;10;-40;2;;
3t;label;-0,6659998;0,002999976;-0,8310005;270;9,659346E-06;0;0,01;-0,04;0,001;;
3t;bruk v8 (1);-0,616;0,0025;-0,687;270;269,9996;0;1;1;1;;
3t;Body1;-0,6159997;0,002499975;-0,6870003;270;269,9996;0;0,1;0,1;0,1;;
3t;Body4;-0,6159997;0,002499975;-0,6870003;270;269,9996;0;0,1;0,1;0,1;;
3t;Body13;-0,6159997;0,002499975;-0,6870003;270;269,9996;0;0,1;0,1;0,1;;
3t;Body15;-0,6159997;0,002499975;-0,6870003;270;269,9996;0;0,1;0,1;0,1;;
3t;Body16;-0,6159997;0,002499975;-0,6870003;270;269,9996;0;0,1;0,1;0,1;;
3t;Body17;-0,6159997;0,002499975;-0,6870003;270;269,9996;0;0,1;0,1;0,1;;
3t;Body18;-0,6159997;0,002499975;-0,6870003;270;269,9996;0;0,1;0,1;0,1;;
3t;Body19;-0,6159997;0,002499975;-0,6870003;270;269,9996;0;0,1;0,1;0,1;;
3t;Body21;-0,6159997;0,002499975;-0,6870003;270;269,9996;0;0,1;0,1;0,1;;
3t;Body22;-0,6159997;0,002499975;-0,6870003;270;269,9996;0;0,1;0,1;0,1;;
3t;Body24;-0,6159997;0,002499975;-0,6870003;270;269,9996;0;0,1;0,1;0,1;;
3t;Body25;-0,6159997;0,002499975;-0,6870003;270;269,9996;0;0,1;0,1;0,1;;
3t;Body26;-0,6159997;0,002499975;-0,6870003;270;269,9996;0;0,1;0,1;0,1;;
3t;Body28;-0,6159997;0,002499975;-0,6870003;270;269,9996;0;0,1;0,1;0,1;;
3t;Body30;-0,6159997;0,002499975;-0,6870003;270;269,9996;0;0,1;0,1;0,1;;
3t;Body34;-0,6159997;0,002499975;-0,6870003;270;269,9996;0;0,1;0,1;0,1;;
3t;bruk v8 (2);-0,656;0,0025;-0,687;270;269,9996;0;1;1;1;;
3t;Body1;-0,6559999;0,002500005;-0,6869999;270;269,9996;0;0,1;0,1;0,1;;
3t;Body4;-0,6559999;0,002500005;-0,6869999;270;269,9996;0;0,1;0,1;0,1;;
3t;Body13;-0,6559999;0,002500005;-0,6869999;270;269,9996;0;0,1;0,1;0,1;;
3t;Body15;-0,6559999;0,002500005;-0,6869999;270;269,9996;0;0,1;0,1;0,1;;
3t;Body16;-0,6559999;0,002500005;-0,6869999;270;269,9996;0;0,1;0,1;0,1;;
3t;Body17;-0,6559999;0,002500005;-0,6869999;270;269,9996;0;0,1;0,1;0,1;;
3t;Body18;-0,6559999;0,002500005;-0,6869999;270;269,9996;0;0,1;0,1;0,1;;
3t;Body19;-0,6559999;0,002500005;-0,6869999;270;269,9996;0;0,1;0,1;0,1;;
3t;Body21;-0,6559999;0,002500005;-0,6869999;270;269,9996;0;0,1;0,1;0,1;;
3t;Body22;-0,6559999;0,002500005;-0,6869999;270;269,9996;0;0,1;0,1;0,1;;
3t;Body24;-0,6559999;0,002500005;-0,6869999;270;269,9996;0;0,1;0,1;0,1;;
3t;Body25;-0,6559999;0,002500005;-0,6869999;270;269,9996;0;0,1;0,1;0,1;;
3t;Body26;-0,6559999;0,002500005;-0,6869999;270;269,9996;0;0,1;0,1;0,1;;
3t;Body28;-0,6559999;0,002500005;-0,6869999;270;269,9996;0;0,1;0,1;0,1;;
3t;Body30;-0,6559999;0,002500005;-0,6869999;270;269,9996;0;0,1;0,1;0,1;;
3t;Body34;-0,6559999;0,002500005;-0,6869999;270;269,9996;0;0,1;0,1;0,1;;
3t;bruk v8;-0,696;0;-0,454;270;269,9996;0;1;1;1;;
3t;Body1;-0,6960004;2,607703E-08;-0,4540001;270;269,9996;0;0,1;0,1;0,1;;
3t;Body4;-0,6960004;2,607703E-08;-0,4540001;270;269,9996;0;0,1;0,1;0,1;;
3t;Body13;-0,6960004;2,607703E-08;-0,4540001;270;269,9996;0;0,1;0,1;0,1;;
3t;Body15;-0,6960004;2,607703E-08;-0,4540001;270;269,9996;0;0,1;0,1;0,1;;
3t;Body16;-0,6960004;2,607703E-08;-0,4540001;270;269,9996;0;0,1;0,1;0,1;;
3t;Body17;-0,6960004;2,607703E-08;-0,4540001;270;269,9996;0;0,1;0,1;0,1;;
3t;Body18;-0,6960004;2,607703E-08;-0,4540001;270;269,9996;0;0,1;0,1;0,1;;
3t;Body19;-0,6960004;2,607703E-08;-0,4540001;270;269,9996;0;0,1;0,1;0,1;;
3t;Body21;-0,6960004;2,607703E-08;-0,4540001;270;269,9996;0;0,1;0,1;0,1;;
3t;Body22;-0,6960004;2,607703E-08;-0,4540001;270;269,9996;0;0,1;0,1;0,1;;
3t;Body24;-0,6960004;2,607703E-08;-0,4540001;270;269,9996;0;0,1;0,1;0,1;;
3t;Body25;-0,6960004;2,607703E-08;-0,4540001;270;269,9996;0;0,1;0,1;0,1;;
3t;Body26;-0,6960004;2,607703E-08;-0,4540001;270;269,9996;0;0,1;0,1;0,1;;
3t;Body28;-0,6960004;2,607703E-08;-0,4540001;270;269,9996;0;0,1;0,1;0,1;;
3t;Body30;-0,6960004;2,607703E-08;-0,4540001;270;269,9996;0;0,1;0,1;0,1;;
3t;Body34;-0,6960004;2,607703E-08;-0,4540001;270;269,9996;0;0,1;0,1;0,1;;
3t;GameObject (21);-0,458;0,0025;-0,66;0;0;0;1;1;1;;
3t;GameObject (111);-0,5059991;0,002500016;-0,6400009;270;1,448902E-05;0;11;-40;2;;
3t;label;-0,5114981;0,002999898;-0,6600015;270;1,448902E-05;0;0,011;-0,04;0,001;;
3t;valveind (3);-0,4579993;0,002499914;-0,6600008;-8,537735E-07;-3,415094E-06;-2,134434E-07;1;1;1;;
3t;Body1;-0,4579984;0,002499832;-0,660001;270;4,829673E-06;0;0,1;0,1;0,1;;
3t;Body2;-0,4579984;0,002499832;-0,660001;270;4,829673E-06;0;0,1;0,1;0,1;;
3t;Body3;-0,4579984;0,002499832;-0,660001;270;4,829673E-06;0;0,1;0,1;0,1;;
3t;Body6;-0,4579984;0,002499832;-0,660001;270;4,829673E-06;0;0,1;0,1;0,1;;
3t;p2p1ta (20);-0,4914982;0,002499918;-0,6465017;3,188338E-06;270,0002;7,735072E-07;0,9999999;1;0,9999999;;
3t;Body1;-0,4914975;0,00249985;-0,6465029;270;270,0002;0;0,1;0,1;0,1;;
3t;Body1.001;-0,4914975;0,00249985;-0,6465029;270;270,0002;0;0,1;0,1;0,1;;
3t;Body2;-0,4914975;0,00249985;-0,6465029;270;270,0002;0;0,1;0,1;0,1;;
3t;Body3;-0,4914975;0,00249985;-0,6465029;270;270,0002;0;0,1;0,1;0,1;;
3t;p2p1ta (21);-0,4914994;0,002499903;-0,673501;3,188338E-06;270,0002;7,735072E-07;0,9999999;1;0,9999999;;
3t;Body1;-0,4914985;0,002499821;-0,6735012;270;270,0002;0;0,1;0,1;0,1;;
3t;Body1.001;-0,4914985;0,002499821;-0,6735012;270;270,0002;0;0,1;0,1;0,1;;
3t;Body2;-0,4914985;0,002499821;-0,6735012;270;270,0002;0;0,1;0,1;0,1;;
3t;Body3;-0,4914985;0,002499821;-0,6735012;270;270,0002;0;0,1;0,1;0,1;;
3t;GameObject (22);-0,458;0,0025;-0,7465;0;0;0;1;1;1;;
3t;GameObject (111);-0,5059983;0,002499942;-0,7265011;270;1,448902E-05;0;11;-40;2;;
3t;label;-0,5114983;0,002999924;-0,7465023;270;1,448902E-05;0;0,011;-0,04;0,001;;
3t;valveind (3);-0,4579995;0,002499921;-0,7465008;-8,537735E-07;-3,415094E-06;-2,134434E-07;1;1;1;;
3t;Body1;-0,4579985;0,002499841;-0,746501;270;4,829673E-06;0;0,1;0,1;0,1;;
3t;Body2;-0,4579985;0,002499841;-0,746501;270;4,829673E-06;0;0,1;0,1;0,1;;
3t;Body3;-0,4579985;0,002499841;-0,746501;270;4,829673E-06;0;0,1;0,1;0,1;;
3t;Body6;-0,4579985;0,002499841;-0,746501;270;4,829673E-06;0;0,1;0,1;0,1;;
3t;p2p1ta (20);-0,4914992;0,002500007;-0,7330015;3,188338E-06;270,0002;7,735072E-07;0,9999999;1;0,9999999;;
3t;Body1;-0,4914983;0,002499925;-0,7330017;270;270,0002;0;0,1;0,1;0,1;;
3t;Body1.001;-0,4914983;0,002499925;-0,7330017;270;270,0002;0;0,1;0,1;0,1;;
3t;Body2;-0,4914983;0,002499925;-0,7330017;270;270,0002;0;0,1;0,1;0,1;;
3t;Body3;-0,4914983;0,002499925;-0,7330017;270;270,0002;0;0,1;0,1;0,1;;
3t;p2p1ta (21);-0,4914995;0,002499912;-0,760001;3,188338E-06;270,0002;7,735072E-07;0,9999999;1;0,9999999;;
3t;Body1;-0,4914997;0,002499927;-0,760002;270;270,0002;0;0,1;0,1;0,1;;
3t;Body1.001;-0,4914997;0,002499927;-0,760002;270;270,0002;0;0,1;0,1;0,1;;
3t;Body2;-0,4914997;0,002499927;-0,760002;270;270,0002;0;0,1;0,1;0,1;;
3t;Body3;-0,4914997;0,002499927;-0,760002;270;270,0002;0;0,1;0,1;0,1;;
3t;GameObject (23);-0,458;0,0025;-0,833;0;0;0;1;1;1;;
3t;GameObject (111);-0,5059985;0,002499964;-0,813002;270;1,448902E-05;0;11;-40;2;;
3t;label;-0,5114983;0,00299993;-0,8330024;270;1,448902E-05;0;0,011;-0,04;0,001;;
3t;valveind (3);-0,4580005;0,002500011;-0,8330007;-8,537735E-07;-3,415094E-06;-2,134434E-07;1;1;1;;
3t;Body1;-0,4580005;0,002500011;-0,8330007;270;4,829673E-06;0;0,1;0,1;0,1;;
3t;Body2;-0,4580005;0,002500011;-0,8330007;270;4,829673E-06;0;0,1;0,1;0,1;;
3t;Body3;-0,4580005;0,002500011;-0,8330007;270;4,829673E-06;0;0,1;0,1;0,1;;
3t;Body6;-0,4580005;0,002500011;-0,8330007;270;4,829673E-06;0;0,1;0,1;0,1;;
3t;p2p1ta (20);-0,4914991;0,002499999;-0,8195006;3,188338E-06;270,0002;7,735072E-07;0,9999999;1;0,9999999;;
3t;Body1;-0,4914991;0,002499999;-0,8195006;270;270,0002;0;0,1;0,1;0,1;;
3t;Body1.001;-0,4914991;0,002499999;-0,8195006;270;270,0002;0;0,1;0,1;0,1;;
3t;Body2;-0,4914991;0,002499999;-0,8195006;270;270,0002;0;0,1;0,1;0,1;;
3t;Body3;-0,4914991;0,002499999;-0,8195006;270;270,0002;0;0,1;0,1;0,1;;
3t;p2p1ta (21);-0,4914995;0,002499918;-0,846501;3,188338E-06;270,0002;7,735072E-07;0,9999999;1;0,9999999;;
3t;Body1;-0,4914986;0,002499837;-0,8465011;270;270,0002;0;0,1;0,1;0,1;;
3t;Body1.001;-0,4914986;0,002499837;-0,8465011;270;270,0002;0;0,1;0,1;0,1;;
3t;Body2;-0,4914986;0,002499837;-0,8465011;270;270,0002;0;0,1;0,1;0,1;;
3t;Body3;-0,4914986;0,002499837;-0,8465011;270;270,0002;0;0,1;0,1;0,1;;
3t;GameObject (24);-0,537;0,0025;-0,66;0;0;0;1;1;1;;
3t;GameObject (111);-0,5849999;0,002500042;-0,6400023;270;1,448902E-05;0;11;-40;2;;
3t;label;-0,590499;0,002999939;-0,6600037;270;1,448902E-05;0;0,011;-0,04;0,001;;
3t;valveind (3);-0,5369989;0,002499886;-0,6600004;-8,537735E-07;-3,415094E-06;-2,134434E-07;1;1;1;;
3t;Body1;-0,5369987;0,002499871;-0,6599995;270;4,829673E-06;0;0,1;0,1;0,1;;
3t;Body2;-0,5369987;0,002499871;-0,6599995;270;4,829673E-06;0;0,1;0,1;0,1;;
3t;Body3;-0,5369987;0,002499871;-0,6599995;270;4,829673E-06;0;0,1;0,1;0,1;;
3t;Body6;-0,5369987;0,002499871;-0,6599995;270;4,829673E-06;0;0,1;0,1;0,1;;
3t;p2p1ta (20);-0,5704979;0,002499904;-0,6465023;3,188338E-06;270,0002;7,735072E-07;0,9999999;1;0,9999999;;
3t;Body1;-0,5704979;0,002499904;-0,6465023;270;270,0002;0;0,1;0,1;0,1;;
3t;Body1.001;-0,5704979;0,002499904;-0,6465023;270;270,0002;0;0,1;0,1;0,1;;
3t;Body2;-0,5704979;0,002499904;-0,6465023;270;270,0002;0;0,1;0,1;0,1;;
3t;Body3;-0,5704979;0,002499904;-0,6465023;270;270,0002;0;0,1;0,1;0,1;;
3t;p2p1ta (21);-0,5704991;0,00249989;-0,6735016;3,188338E-06;270,0002;7,735072E-07;0,9999999;1;0,9999999;;
3t;Body1;-0,5704991;0,00249989;-0,6735016;270;270,0002;0;0,1;0,1;0,1;;
3t;Body1.001;-0,5704991;0,00249989;-0,6735016;270;270,0002;0;0,1;0,1;0,1;;
3t;Body2;-0,5704991;0,00249989;-0,6735016;270;270,0002;0;0,1;0,1;0,1;;
3t;Body3;-0,5704991;0,00249989;-0,6735016;270;270,0002;0;0,1;0,1;0,1;;
3t;GameObject (25);-0,537;0,0025;-0,833;0;0;0;1;1;1;;
3t;GameObject (111);-0,5849982;0,002499893;-0,8130026;270;1,448902E-05;0;11;-40;2;;
3t;label;-0,5904981;0,002999857;-0,8330029;270;1,448902E-05;0;0,011;-0,04;0,001;;
3t;valveind (3);-0,5369999;0,002499983;-0,8330003;-8,537735E-07;-3,415094E-06;-2,134434E-07;1;1;1;;
3t;Body1;-0,5369999;0,002499983;-0,8330003;270;4,829673E-06;0;0,1;0,1;0,1;;
3t;Body2;-0,5369999;0,002499983;-0,8330003;270;4,829673E-06;0;0,1;0,1;0,1;;
3t;Body3;-0,5369999;0,002499983;-0,8330003;270;4,829673E-06;0;0,1;0,1;0,1;;
3t;Body6;-0,5369999;0,002499983;-0,8330003;270;4,829673E-06;0;0,1;0,1;0,1;;
3t;p2p1ta (20);-0,570498;0,002499923;-0,8195022;3,188338E-06;270,0002;7,735072E-07;0,9999999;1;0,9999999;;
3t;Body1;-0,570498;0,002499923;-0,8195022;270;270,0002;0;0,1;0,1;0,1;;
3t;Body1.001;-0,570498;0,002499923;-0,8195022;270;270,0002;0;0,1;0,1;0,1;;
3t;Body2;-0,570498;0,002499923;-0,8195022;270;270,0002;0;0,1;0,1;0,1;;
3t;Body3;-0,570498;0,002499923;-0,8195022;270;270,0002;0;0,1;0,1;0,1;;
3t;p2p1ta (21);-0,5704991;0,00249989;-0,8465006;3,188338E-06;270,0002;7,735072E-07;0,9999999;1;0,9999999;;
3t;Body1;-0,5704991;0,00249989;-0,8465006;270;270,0002;0;0,1;0,1;0,1;;
3t;Body1.001;-0,5704991;0,00249989;-0,8465006;270;270,0002;0;0,1;0,1;0,1;;
3t;Body2;-0,5704991;0,00249989;-0,8465006;270;270,0002;0;0,1;0,1;0,1;;
3t;Body3;-0,5704991;0,00249989;-0,8465006;270;270,0002;0;0,1;0,1;0,1;;
3t;GameObject (26);-0,537;0,0025;-0,7465;0;0;0;1;1;1;;
3t;GameObject (111);-0,5849981;0,002499886;-0,7265026;270;1,448902E-05;0;11;-40;2;;
3t;label;-0,5904973;0,002999786;-0,7465041;270;1,448902E-05;0;0,011;-0,04;0,001;;
3t;valveind (3);-0,537001;0,002500072;-0,746501;-8,537735E-07;-3,415094E-06;-2,134434E-07;1;1;1;;
3t;Body1;-0,537001;0,002500072;-0,746501;270;4,829673E-06;0;0,1;0,1;0,1;;
3t;Body2;-0,537001;0,002500072;-0,746501;270;4,829673E-06;0;0,1;0,1;0,1;;
3t;Body3;-0,537001;0,002500072;-0,746501;270;4,829673E-06;0;0,1;0,1;0,1;;
3t;Body6;-0,537001;0,002500072;-0,746501;270;4,829673E-06;0;0,1;0,1;0,1;;
3t;p2p1ta (20);-0,570498;0,002499912;-0,7330022;3,188338E-06;270,0002;7,735072E-07;0,9999999;1;0,9999999;;
3t;Body1;-0,570498;0,002499912;-0,7330022;270;270,0002;0;0,1;0,1;0,1;;
3t;Body1.001;-0,570498;0,002499912;-0,7330022;270;270,0002;0;0,1;0,1;0,1;;
3t;Body2;-0,570498;0,002499912;-0,7330022;270;270,0002;0;0,1;0,1;0,1;;
3t;Body3;-0,570498;0,002499912;-0,7330022;270;270,0002;0;0,1;0,1;0,1;;
3t;p2p1ta (21);-0,5705003;0,002499998;-0,7600023;3,188338E-06;270,0002;7,735072E-07;0,9999999;1;0,9999999;;
3t;Body1;-0,5704995;0,002499931;-0,7600034;270;270,0002;0;0,1;0,1;0,1;;
3t;Body1.001;-0,5704995;0,002499931;-0,7600034;270;270,0002;0;0,1;0,1;0,1;;
3t;Body2;-0,5704995;0,002499931;-0,7600034;270;270,0002;0;0,1;0,1;0,1;;
3t;Body3;-0,5704995;0,002499931;-0,7600034;270;270,0002;0;0,1;0,1;0,1;;
3t;GameObject (27);-0,7275;0,0025;-0,6445;0;0;0;1;1;1;;
3t;GameObject (111);-0,7419997;0,002499983;-0,6380007;270;1,448902E-05;0;11;-40;2;;
3t;label;-0,7474996;0,002999946;-0,6580011;270;1,448902E-05;0;0,011;-0,04000001;0,001;;
3t;p2p1ta (20);-0,7275006;0,002500046;-0,6445012;4,244829E-06;270,0002;9,244359E-07;0,9999999;1;0,9999999;;
3t;Body1;-0,7275008;0,002500061;-0,6445022;270;270,0002;0;0,1;0,1;0,1;;
3t;Body1.001;-0,7275008;0,002500061;-0,6445022;270;270,0002;0;0,1;0,1;0,1;;
3t;Body2;-0,7275008;0,002500061;-0,6445022;270;270,0002;0;0,1;0,1;0,1;;
3t;Body3;-0,7275008;0,002500061;-0,6445022;270;270,0002;0;0,1;0,1;0,1;;
3t;p2p1ta (21);-0,7274998;0,002499975;-0,6714999;4,244829E-06;270,0002;9,244359E-07;0,9999999;1;0,9999999;;
3t;Body1;-0,7274998;0,002499975;-0,6714999;270;270,0002;0;0,1;0,1;0,1;;
3t;Body1.001;-0,7274998;0,002499975;-0,6714999;270;270,0002;0;0,1;0,1;0,1;;
3t;Body2;-0,7274998;0,002499975;-0,6714999;270;270,0002;0;0,1;0,1;0,1;;
3t;Body3;-0,7274998;0,002499975;-0,6714999;270;270,0002;0;0,1;0,1;0,1;;
3t;GameObject (28);-0,7275;0,0025;-0,7015;0;0;0;1;1;1;;
3t;GameObject (111);-0,7419995;0,002499964;-0,6949998;270;1,448902E-05;0;11;-40;2;;
3t;label;-0,7475003;0,003000014;-0,715;270;1,448902E-05;0;0,011;-0,04000001;0,001;;
3t;p2p1ta (20);-0,7275006;0,002500046;-0,7015012;4,244829E-06;270,0002;9,244359E-07;0,9999999;1;0,9999999;;
3t;Body1;-0,7275006;0,002500046;-0,7015012;270;270,0002;0;0,1;0,1;0,1;;
3t;Body1.001;-0,7275006;0,002500046;-0,7015012;270;270,0002;0;0,1;0,1;0,1;;
3t;Body2;-0,7275006;0,002500046;-0,7015012;270;270,0002;0;0,1;0,1;0,1;;
3t;Body3;-0,7275006;0,002500046;-0,7015012;270;270,0002;0;0,1;0,1;0,1;;
3t;p2p1ta (21);-0,7274988;0,00249989;-0,7285001;4,244829E-06;270,0002;9,244359E-07;0,9999999;1;0,9999999;;
3t;Body1;-0,727499;0,002499904;-0,7285011;270;270,0002;0;0,1;0,1;0,1;;
3t;Body1.001;-0,727499;0,002499904;-0,7285011;270;270,0002;0;0,1;0,1;0,1;;
3t;Body2;-0,727499;0,002499904;-0,7285011;270;270,0002;0;0,1;0,1;0,1;;
3t;Body3;-0,727499;0,002499904;-0,7285011;270;270,0002;0;0,1;0,1;0,1;;
3t;GameObject (29);-0,7275;0,0025;-0,7585;0;0;0;1;1;1;;
3t;GameObject (111);-0,7419996;0,002499983;-0,7520008;270;1,448902E-05;0;11;-40;2;;
3t;label;-0,7474995;0,002999943;-0,7720011;270;1,448902E-05;0;0,011;-0,04000001;0,001;;
3t;p2p1ta (20);-0,7275007;0,002500046;-0,7585012;4,244829E-06;270,0002;9,244359E-07;0,9999999;1;0,9999999;;
3t;Body1;-0,7274999;0,002499979;-0,7585024;270;270,0002;0;0,1;0,1;0,1;;
3t;Body1.001;-0,7274999;0,002499979;-0,7585024;270;270,0002;0;0,1;0,1;0,1;;
3t;Body2;-0,7274999;0,002499979;-0,7585024;270;270,0002;0;0,1;0,1;0,1;;
3t;Body3;-0,7274999;0,002499979;-0,7585024;270;270,0002;0;0,1;0,1;0,1;;
3t;p2p1ta (21);-0,7274998;0,002499972;-0,7854999;4,244829E-06;270,0002;9,244359E-07;0,9999999;1;0,9999999;;
3t;Body1;-0,7274998;0,002499972;-0,7854999;270;270,0002;0;0,1;0,1;0,1;;
3t;Body1.001;-0,7274998;0,002499972;-0,7854999;270;270,0002;0;0,1;0,1;0,1;;
3t;Body2;-0,7274998;0,002499972;-0,7854999;270;270,0002;0;0,1;0,1;0,1;;
3t;Body3;-0,7274998;0,002499972;-0,7854999;270;270,0002;0;0,1;0,1;0,1;;
3t;GameObject (30);-0,7275;0,0025;-0,8155;0;0;0;1;1;1;;
3t;GameObject (111);-0,7419986;0,002499886;-0,809;270;1,448902E-05;0;11;-40;2;;
3t;label;-0,7474985;0,002999853;-0,8290004;270;1,448902E-05;0;0,011;-0,04000001;0,001;;
3t;p2p1ta (20);-0,7274997;0,002499964;-0,8155014;4,244829E-06;270,0002;9,244359E-07;0,9999999;1;0,9999999;;
3t;Body1;-0,7274995;0,002499949;-0,8155004;270;270,0002;0;0,1;0,1;0,1;;
3t;Body1.001;-0,7274995;0,002499949;-0,8155004;270;270,0002;0;0,1;0,1;0,1;;
3t;Body2;-0,7274995;0,002499949;-0,8155004;270;270,0002;0;0,1;0,1;0,1;;
3t;Body3;-0,7274995;0,002499949;-0,8155004;270;270,0002;0;0,1;0,1;0,1;;
3t;p2p1ta (21);-0,7274998;0,002499975;-0,8425;4,244829E-06;270,0002;9,244359E-07;0,9999999;1;0,9999999;;
3t;Body1;-0,7274998;0,002499975;-0,8425;270;270,0002;0;0,1;0,1;0,1;;
3t;Body1.001;-0,7274998;0,002499975;-0,8425;270;270,0002;0;0,1;0,1;0,1;;
3t;Body2;-0,7274998;0,002499975;-0,8425;270;270,0002;0;0,1;0,1;0,1;;
3t;Body3;-0,7274998;0,002499975;-0,8425;270;270,0002;0;0,1;0,1;0,1;;
3t;GameObject (31);-0,7755;0,0025;-0,6445;0;0;0;1;1;1;;
3t;GameObject (111);-0,7899998;0,002500005;-0,6379994;270;1,448902E-05;0;11;-40;2;;
3t;label;-0,7954988;0,002999891;-0,658;270;1,448902E-05;0;0,011;-0,04000001;0,001;;
3t;p2p1ta (20);-0,7755001;0,002500001;-0,644501;4,244829E-06;270,0002;9,244359E-07;0,9999999;1;0,9999999;;
3t;Body1;-0,7755001;0,002500001;-0,644501;270;270,0002;0;0,1;0,1;0,1;;
3t;Body1.001;-0,7755001;0,002500001;-0,644501;270;270,0002;0;0,1;0,1;0,1;;
3t;Body2;-0,7755001;0,002500001;-0,644501;270;270,0002;0;0,1;0,1;0,1;;
3t;Body3;-0,7755001;0,002500001;-0,644501;270;270,0002;0;0,1;0,1;0,1;;
3t;p2p1ta (21);-0,7755005;0,002500042;-0,6715015;4,244829E-06;270,0002;9,244359E-07;0,9999999;1;0,9999999;;
3t;Body1;-0,7754996;0,00249996;-0,6715016;270;270,0002;0;0,1;0,1;0,1;;
3t;Body1.001;-0,7754996;0,00249996;-0,6715016;270;270,0002;0;0,1;0,1;0,1;;
3t;Body2;-0,7754996;0,00249996;-0,6715016;270;270,0002;0;0,1;0,1;0,1;;
3t;Body3;-0,7754996;0,00249996;-0,6715016;270;270,0002;0;0,1;0,1;0,1;;
3t;GameObject (32);-0,7755;0,0025;-0,7585;0;0;0;1;1;1;;
3t;GameObject (111);-0,7900002;0,002500039;-0,7520013;270;1,448902E-05;0;11;-40;2;;
3t;label;-0,7954992;0,00299992;-0,7720019;270;1,448902E-05;0;0,011;-0,04000001;0,001;;
3t;p2p1ta (20);-0,7755;0,00249999;-0,7585;4,244829E-06;270,0002;9,244359E-07;0,9999999;1;0,9999999;;
3t;Body1;-0,7755;0,00249999;-0,7585;270;270,0002;0;0,1;0,1;0,1;;
3t;Body1.001;-0,7755;0,00249999;-0,7585;270;270,0002;0;0,1;0,1;0,1;;
3t;Body2;-0,7755;0,00249999;-0,7585;270;270,0002;0;0,1;0,1;0,1;;
3t;Body3;-0,7755;0,00249999;-0,7585;270;270,0002;0;0,1;0,1;0,1;;
3t;p2p1ta (21);-0,7754995;0,002499949;-0,7855007;4,244829E-06;270,0002;9,244359E-07;0,9999999;1;0,9999999;;
3t;Body1;-0,7754996;0,002499964;-0,7855016;270;270,0002;0;0,1;0,1;0,1;;
3t;Body1.001;-0,7754996;0,002499964;-0,7855016;270;270,0002;0;0,1;0,1;0,1;;
3t;Body2;-0,7754996;0,002499964;-0,7855016;270;270,0002;0;0,1;0,1;0,1;;
3t;Body3;-0,7754996;0,002499964;-0,7855016;270;270,0002;0;0,1;0,1;0,1;;
3t;GameObject (33);-0,7755;0,0025;-0,7015;0;0;0;1;1;1;;
3t;GameObject (111);-0,7899991;0,002499942;-0,6950006;270;1,448902E-05;0;11;-40;2;;
3t;label;-0,7954979;0,002999809;-0,7150002;270;1,448902E-05;0;0,011;-0,04000001;0,001;;
3t;p2p1ta (20);-0,7754992;0,002499923;-0,7015012;4,244829E-06;270,0002;9,244359E-07;0,9999999;1;0,9999999;;
3t;Body1;-0,7754992;0,002499923;-0,7015012;270;270,0002;0;0,1;0,1;0,1;;
3t;Body1.001;-0,7754992;0,002499923;-0,7015012;270;270,0002;0;0,1;0,1;0,1;;
3t;Body2;-0,7754992;0,002499923;-0,7015012;270;270,0002;0;0,1;0,1;0,1;;
3t;Body3;-0,7754992;0,002499923;-0,7015012;270;270,0002;0;0,1;0,1;0,1;;
3t;p2p1ta (21);-0,7755004;0,002500027;-0,7285005;4,244829E-06;270,0002;9,244359E-07;0,9999999;1;0,9999999;;
3t;Body1;-0,7755004;0,002500027;-0,7285005;270;270,0002;0;0,1;0,1;0,1;;
3t;Body1.001;-0,7755004;0,002500027;-0,7285005;270;270,0002;0;0,1;0,1;0,1;;
3t;Body2;-0,7755004;0,002500027;-0,7285005;270;270,0002;0;0,1;0,1;0,1;;
3t;Body3;-0,7755004;0,002500027;-0,7285005;270;270,0002;0;0,1;0,1;0,1;;
3t;GameObject (34);-0,7755;0,0025;-0,8155;0;0;0;1;1;1;;
3t;GameObject (111);-0,7899998;0,002500009;-0,8089995;270;1,448902E-05;0;11;-40;2;;
3t;label;-0,7954998;0,002999973;-0,8289999;270;1,448902E-05;0;0,011;-0,04000001;0,001;;
3t;p2p1ta (20);-0,7754992;0,002499927;-0,8155012;4,244829E-06;270,0002;9,244359E-07;0,9999999;1;0,9999999;;
3t;Body1;-0,7754993;0,002499942;-0,8155021;270;270,0002;0;0,1;0,1;0,1;;
3t;Body1.001;-0,7754993;0,002499942;-0,8155021;270;270,0002;0;0,1;0,1;0,1;;
3t;Body2;-0,7754993;0,002499942;-0,8155021;270;270,0002;0;0,1;0,1;0,1;;
3t;Body3;-0,7754993;0,002499942;-0,8155021;270;270,0002;0;0,1;0,1;0,1;;
3t;p2p1ta (21);-0,7755004;0,002500027;-0,8425006;4,244829E-06;270,0002;9,244359E-07;0,9999999;1;0,9999999;;
3t;Body1;-0,7755004;0,002500027;-0,8425006;270;270,0002;0;0,1;0,1;0,1;;
3t;Body1.001;-0,7755004;0,002500027;-0,8425006;270;270,0002;0;0,1;0,1;0,1;;
3t;Body2;-0,7755004;0,002500027;-0,8425006;270;270,0002;0;0,1;0,1;0,1;;
3t;Body3;-0,7755004;0,002500027;-0,8425006;270;270,0002;0;0,1;0,1;0,1;;
