6p;GameObject;-0,065;0;-0,08;0;0;0;1;1;1;;
6p;pmo_shifted;-0,06500039;3,690366E-08;-0,08000007;3,773191E-07;270,0001;-1,131954E-06;1;1;1;;
6p;Body1;-0,06500039;3,690366E-08;-0,08000007;270;270,0001;0;0,1;0,1;0,09999999;;
6p;Body3;-0,06500039;3,690366E-08;-0,08000007;270;270,0001;0;0,1;0,1;0,09999999;;
6p;Body18;-0,06500039;3,690366E-08;-0,08000007;270;270,0001;0;0,1;0,1;0,09999999;;
6p;Body19;-0,06500039;3,690366E-08;-0,08000007;270;270,0001;0;0,1;0,1;0,09999999;;
6p;GameObject;-0,1009996;-8,032657E-09;-0,1160006;3,773191E-07;270,0001;-1,131954E-06;1;1;1;;
6p;Body12;-0,06500039;3,690366E-08;-0,08000007;270;270,0001;0;0,1;0,1;0,1;;
6p;Body13;-0,06500039;3,690366E-08;-0,08000007;270;270,0001;0;0,1;0,1;0,1;;
6p;Body13.001;-0,06500039;3,690366E-08;-0,08000007;270;270,0001;0;0,1;0,1;0,1;;
6p;GameObject (64);-0,1480002;-2,607703E-08;-0,08599956;270;9,659345E-06;0;11;-60;2;;
6p;label;-0,1534998;0,0004999153;-0,1159991;270;2,414836E-05;0;0,011;-0,06000001;0,001;;
6p;sign_arm_2l;-0,04799916;5,307083E-08;-0,08400054;2,134434E-07;3,415094E-06;2,134434E-07;1;1;1;;
6p;Body1;-0,04799916;5,307083E-08;-0,08400054;270;270,0001;0;0,09999998;0,09999998;0,09999998;;
6p;Body2;-0,04799916;5,307083E-08;-0,08400054;270;270,0001;0;0,09999998;0,09999998;0,09999998;;
6p;Body3;-0,04799916;5,307083E-08;-0,08400054;270;270,0001;0;0,09999998;0,09999998;0,09999998;;
6p;Body4;-0,04799916;5,307083E-08;-0,08400054;270;270,0001;0;0,09999998;0,09999998;0,09999998;;
6p;Body5;-0,04799916;5,307083E-08;-0,08400054;270;270,0001;0;0,09999998;0,09999998;0,09999998;;
6p;sign_arm_2l (1);-0,03099911;5,215406E-08;-0,08399922;2,134434E-07;3,415094E-06;2,134434E-07;1;1;1;;
6p;Body1;-0,03099911;5,215406E-08;-0,08399922;270;270,0001;0;0,09999998;0,09999998;0,09999998;;
6p;Body2;-0,03099911;5,215406E-08;-0,08399922;270;270,0001;0;0,09999998;0,09999998;0,09999998;;
6p;Body3;-0,03099911;5,215406E-08;-0,08399922;270;270,0001;0;0,09999998;0,09999998;0,09999998;;
6p;Body4;-0,03099911;5,215406E-08;-0,08399922;270;270,0001;0;0,09999998;0,09999998;0,09999998;;
6p;Body5;-0,03099911;5,215406E-08;-0,08399922;270;270,0001;0;0,09999998;0,09999998;0,09999998;;
6p;GameObject (1);-0,065;0;-0,175333;0;0;0;1;1;1;;
6p;pmo_shifted;-0,06500008;1,094304E-08;-0,1753323;3,773191E-07;270,0001;-1,131954E-06;1;1;1;;
6p;Body1;-0,06500008;1,094304E-08;-0,1753323;270;270,0001;0;0,1;0,1;0,09999999;;
6p;Body3;-0,06500008;1,094304E-08;-0,1753323;270;270,0001;0;0,1;0,1;0,09999999;;
6p;Body18;-0,06500008;1,094304E-08;-0,1753323;270;270,0001;0;0,1;0,1;0,09999999;;
6p;Body19;-0,06500008;1,094304E-08;-0,1753323;270;270,0001;0;0,1;0,1;0,09999999;;
6p;GameObject;-0,1009996;-1,164153E-08;-0,2113332;3,773191E-07;270,0001;-1,131954E-06;1;1;1;;
6p;Body12;-0,06500027;2,793968E-08;-0,1753344;270;270,0001;0;0,1;0,1;0,1;;
6p;Body13;-0,06500027;2,793968E-08;-0,1753344;270;270,0001;0;0,1;0,1;0,1;;
6p;Body13.001;-0,06500027;2,793968E-08;-0,1753344;270;270,0001;0;0,1;0,1;0,1;;
6p;GameObject (64);-0,1479996;-7,869676E-08;-0,1813331;270;9,659345E-06;0;11;-60;2;;
6p;label;-0,1534995;0,0004998842;-0,211333;270;2,414836E-05;0;0,011;-0,06000001;0,001;;
6p;sign_arm_2l;-0,04799824;-2,654269E-08;-0,1793353;2,134434E-07;3,415094E-06;2,134434E-07;1;1;1;;
6p;Body1;-0,04799824;-2,654269E-08;-0,1793353;270;270,0001;0;0,09999998;0,09999998;0,09999998;;
6p;Body2;-0,04799824;-2,654269E-08;-0,1793353;270;270,0001;0;0,09999998;0,09999998;0,09999998;;
6p;Body3;-0,04799824;-2,654269E-08;-0,1793353;270;270,0001;0;0,09999998;0,09999998;0,09999998;;
6p;Body4;-0,04799824;-2,654269E-08;-0,1793353;270;270,0001;0;0,09999998;0,09999998;0,09999998;;
6p;Body5;-0,04799824;-2,654269E-08;-0,1793353;270;270,0001;0;0,09999998;0,09999998;0,09999998;;
6p;sign_arm_2l (1);-0,03100005;1,359731E-07;-0,1793334;2,134434E-07;3,415094E-06;2,134434E-07;1;1;1;;
6p;Body1;-0,03099974;1,089647E-07;-0,1793347;270;270,0001;0;0,09999998;0,09999998;0,09999998;;
6p;Body2;-0,03099974;1,089647E-07;-0,1793347;270;270,0001;0;0,09999998;0,09999998;0,09999998;;
6p;Body3;-0,03099974;1,089647E-07;-0,1793347;270;270,0001;0;0,09999998;0,09999998;0,09999998;;
6p;Body4;-0,03099974;1,089647E-07;-0,1793347;270;270,0001;0;0,09999998;0,09999998;0,09999998;;
6p;Body5;-0,03099974;1,089647E-07;-0,1793347;270;270,0001;0;0,09999998;0,09999998;0,09999998;;
6p;GameObject (2);-0,065;0;-0,270667;0;0;0;1;1;1;;
6p;pmo_shifted;-0,06499942;-4,703179E-08;-0,2706675;3,773191E-07;270,0001;-1,131954E-06;1;1;1;;
6p;Body1;-0,06499991;-3,259629E-09;-0,2706683;270;270,0001;0;0,1;0,1;0,09999999;;
6p;Body3;-0,06499991;-3,259629E-09;-0,2706683;270;270,0001;0;0,1;0,1;0,09999999;;
6p;Body18;-0,06499991;-3,259629E-09;-0,2706683;270;270,0001;0;0,1;0,1;0,09999999;;
6p;Body19;-0,06499991;-3,259629E-09;-0,2706683;270;270,0001;0;0,1;0,1;0,09999999;;
6p;GameObject;-0,1009989;-6,984919E-08;-0,3066684;3,773191E-07;270,0001;-1,131954E-06;1;1;1;;
6p;Body12;-0,06499829;-1,448207E-07;-0,2706693;270;270,0001;0;0,1;0,1;0,1;;
6p;Body13;-0,06499829;-1,448207E-07;-0,2706693;270;270,0001;0;0,1;0,1;0,1;;
6p;Body13.001;-0,06499829;-1,448207E-07;-0,2706693;270;270,0001;0;0,1;0,1;0,1;;
6p;GameObject (64);-0,1479992;-1,089647E-07;-0,276667;270;9,659345E-06;0;11;-60;2;;
6p;label;-0,1534983;0,000499842;-0,3066674;270;2,414836E-05;0;0,011;-0,06000001;0,001;;
6p;sign_arm_2l;-0,04799869;1,396984E-08;-0,2746688;2,134434E-07;3,415094E-06;2,134434E-07;1;1;1;;
6p;Body1;-0,04799869;1,396984E-08;-0,2746688;270;270,0001;0;0,09999998;0,09999998;0,09999998;;
6p;Body2;-0,04799869;1,396984E-08;-0,2746688;270;270,0001;0;0,09999998;0,09999998;0,09999998;;
6p;Body3;-0,04799869;1,396984E-08;-0,2746688;270;270,0001;0;0,09999998;0,09999998;0,09999998;;
6p;Body4;-0,04799869;1,396984E-08;-0,2746688;270;270,0001;0;0,09999998;0,09999998;0,09999998;;
6p;Body5;-0,04799869;1,396984E-08;-0,2746688;270;270,0001;0;0,09999998;0,09999998;0,09999998;;
6p;sign_arm_2l (1);-0,03099887;3,445894E-08;-0,2746678;2,134434E-07;3,415094E-06;2,134434E-07;1;1;1;;
6p;Body1;-0,03099887;3,445894E-08;-0,2746678;270;270,0001;0;0,09999998;0,09999998;0,09999998;;
6p;Body2;-0,03099887;3,445894E-08;-0,2746678;270;270,0001;0;0,09999998;0,09999998;0,09999998;;
6p;Body3;-0,03099887;3,445894E-08;-0,2746678;270;270,0001;0;0,09999998;0,09999998;0,09999998;;
6p;Body4;-0,03099887;3,445894E-08;-0,2746678;270;270,0001;0;0,09999998;0,09999998;0,09999998;;
6p;Body5;-0,03099887;3,445894E-08;-0,2746678;270;270,0001;0;0,09999998;0,09999998;0,09999998;;
6p;GameObject (3);-0,065;0;-0,366;0;0;0;1;1;1;;
6p;pmo_shifted;-0,06500068;6,426126E-08;-0,3660004;3,773191E-07;270,0001;-1,131954E-06;1;1;1;;
6p;Body1;-0,06500068;6,426126E-08;-0,3660004;270;270,0001;0;0,1;0,1;0,09999999;;
6p;Body3;-0,06500068;6,426126E-08;-0,3660004;270;270,0001;0;0,1;0,1;0,09999999;;
6p;Body18;-0,06500068;6,426126E-08;-0,3660004;270;270,0001;0;0,1;0,1;0,09999999;;
6p;Body19;-0,06500068;6,426126E-08;-0,3660004;270;270,0001;0;0,1;0,1;0,09999999;;
6p;GameObject;-0,101001;1,117587E-07;-0,4020008;3,773191E-07;270,0001;-1,131954E-06;1;1;1;;
6p;Body12;-0,06500199;1,778826E-07;-0,3660007;270;270,0001;0;0,1;0,1;0,1;;
6p;Body13;-0,06500199;1,778826E-07;-0,3660007;270;270,0001;0;0,1;0,1;0,1;;
6p;Body13.001;-0,06500199;1,778826E-07;-0,3660007;270;270,0001;0;0,1;0,1;0,1;;
6p;GameObject (64);-0,1479997;-7,031485E-08;-0,3720004;270;9,659345E-06;0;11;-60;2;;
6p;label;-0,1535001;0,0004999377;-0,4020011;270;2,414836E-05;0;0,011;-0,06000001;0,001;;
6p;sign_arm_2l;-0,04799783;-6,053597E-08;-0,3700018;2,134434E-07;3,415094E-06;2,134434E-07;1;1;1;;
6p;Body1;-0,04799752;-8,754432E-08;-0,3700031;270;270,0001;0;0,09999998;0,09999998;0,09999998;;
6p;Body2;-0,04799752;-8,754432E-08;-0,3700031;270;270,0001;0;0,09999998;0,09999998;0,09999998;;
6p;Body3;-0,04799752;-8,754432E-08;-0,3700031;270;270,0001;0;0,09999998;0,09999998;0,09999998;;
6p;Body4;-0,04799752;-8,754432E-08;-0,3700031;270;270,0001;0;0,09999998;0,09999998;0,09999998;;
6p;Body5;-0,04799752;-8,754432E-08;-0,3700031;270;270,0001;0;0,09999998;0,09999998;0,09999998;;
6p;sign_arm_2l (1);-0,03099883;3,073364E-08;-0,3700004;2,134434E-07;3,415094E-06;2,134434E-07;1;1;1;;
6p;Body1;-0,03099883;3,073364E-08;-0,3700004;270;270,0001;0;0,09999998;0,09999998;0,09999998;;
6p;Body2;-0,03099883;3,073364E-08;-0,3700004;270;270,0001;0;0,09999998;0,09999998;0,09999998;;
6p;Body3;-0,03099883;3,073364E-08;-0,3700004;270;270,0001;0;0,09999998;0,09999998;0,09999998;;
6p;Body4;-0,03099883;3,073364E-08;-0,3700004;270;270,0001;0;0,09999998;0,09999998;0,09999998;;
6p;Body5;-0,03099883;3,073364E-08;-0,3700004;270;270,0001;0;0,09999998;0,09999998;0,09999998;;
6p;GameObject (4);-0,207;0;-0,08;0;0;0;1;1;1;;
6p;pmo_shifted;-0,2070009;6,984919E-08;-0,08000054;3,773191E-07;270,0001;-1,131954E-06;1;1;1;;
6p;Body1;-0,2070009;6,984919E-08;-0,08000054;270;270,0001;0;0,1;0,1;0,09999999;;
6p;Body3;-0,2070009;6,984919E-08;-0,08000054;270;270,0001;0;0,1;0,1;0,09999999;;
6p;Body18;-0,2070009;6,984919E-08;-0,08000054;270;270,0001;0;0,1;0,1;0,09999999;;
6p;Body19;-0,2070009;6,984919E-08;-0,08000054;270;270,0001;0;0,1;0,1;0,09999999;;
6p;GameObject;-0,2430001;2,514571E-08;-0,116001;3,773191E-07;270,0001;-1,131954E-06;1;1;1;;
6p;Body12;-0,2070003;2,04891E-08;-0,08000144;270;270,0001;0;0,1;0,1;0,1;;
6p;Body13;-0,2070003;2,04891E-08;-0,08000144;270;270,0001;0;0,1;0,1;0,1;;
6p;Body13.001;-0,2070003;2,04891E-08;-0,08000144;270;270,0001;0;0,1;0,1;0,1;;
6p;GameObject (64);-0,2900007;6,61239E-08;-0,08600003;270;9,659345E-06;0;11;-60;2;;
6p;label;-0,295501;0,0005001323;-0,1160007;270;2,414836E-05;0;0,011;-0,06000001;0,001;;
6p;sign_arm_2l;-0,1899985;-1,117587E-08;-0,08400282;2,134434E-07;3,415094E-06;2,134434E-07;1;1;1;;
6p;Body1;-0,1899985;-1,117587E-08;-0,08400282;270;270,0001;0;0,09999998;0,09999998;0,09999998;;
6p;Body2;-0,1899985;-1,117587E-08;-0,08400282;270;270,0001;0;0,09999998;0,09999998;0,09999998;;
6p;Body3;-0,1899985;-1,117587E-08;-0,08400282;270;270,0001;0;0,09999998;0,09999998;0,09999998;;
6p;Body4;-0,1899985;-1,117587E-08;-0,08400282;270;270,0001;0;0,09999998;0,09999998;0,09999998;;
6p;Body5;-0,1899985;-1,117587E-08;-0,08400282;270;270,0001;0;0,09999998;0,09999998;0,09999998;;
6p;sign_arm_2l (1);-0,1729985;-1,257285E-08;-0,0840015;2,134434E-07;3,415094E-06;2,134434E-07;1;1;1;;
6p;Body1;-0,1729987;9,313226E-09;-0,08400192;270;270,0001;0;0,09999998;0,09999998;0,09999998;;
6p;Body2;-0,1729987;9,313226E-09;-0,08400192;270;270,0001;0;0,09999998;0,09999998;0,09999998;;
6p;Body3;-0,1729987;9,313226E-09;-0,08400192;270;270,0001;0;0,09999998;0,09999998;0,09999998;;
6p;Body4;-0,1729987;9,313226E-09;-0,08400192;270;270,0001;0;0,09999998;0,09999998;0,09999998;;
6p;Body5;-0,1729987;9,313226E-09;-0,08400192;270;270,0001;0;0,09999998;0,09999998;0,09999998;;
6p;GameObject (5);-0,207;0;-0,271;0;0;0;1;1;1;;
6p;pmo_shifted;-0,2069997;-3,166497E-08;-0,2710015;3,773191E-07;270,0001;-1,131954E-06;1;1;1;;
6p;Body1;-0,2069997;-3,166497E-08;-0,2710015;270;270,0001;0;0,1;0,1;0,09999999;;
6p;Body3;-0,2069997;-3,166497E-08;-0,2710015;270;270,0001;0;0,1;0,1;0,09999999;;
6p;Body18;-0,2069997;-3,166497E-08;-0,2710015;270;270,0001;0;0,1;0,1;0,09999999;;
6p;Body19;-0,2069997;-3,166497E-08;-0,2710015;270;270,0001;0;0,1;0,1;0,09999999;;
6p;GameObject;-0,2429997;-6,752089E-09;-0,3070015;3,773191E-07;270,0001;-1,131954E-06;1;1;1;;
6p;Body12;-0,2069997;-3,166497E-08;-0,2710015;270;270,0001;0;0,1;0,1;0,1;;
6p;Body13;-0,2069997;-3,166497E-08;-0,2710015;270;270,0001;0;0,1;0,1;0,1;;
6p;Body13.001;-0,2069997;-3,166497E-08;-0,2710015;270;270,0001;0;0,1;0,1;0,1;;
6p;GameObject (64);-0,2899995;-3,632158E-08;-0,277001;270;9,659345E-06;0;11;-60;2;;
6p;label;-0,2954985;0,0004999177;-0,3070014;270;2,414836E-05;0;0,011;-0,06000001;0,001;;
6p;sign_arm_2l;-0,1899984;-1,536682E-08;-0,275002;2,134434E-07;3,415094E-06;2,134434E-07;1;1;1;;
6p;Body1;-0,189999;2,840534E-08;-0,2750028;270;270,0001;0;0,09999998;0,09999998;0,09999998;;
6p;Body2;-0,189999;2,840534E-08;-0,2750028;270;270,0001;0;0,09999998;0,09999998;0,09999998;;
6p;Body3;-0,189999;2,840534E-08;-0,2750028;270;270,0001;0;0,09999998;0,09999998;0,09999998;;
6p;Body4;-0,189999;2,840534E-08;-0,2750028;270;270,0001;0;0,09999998;0,09999998;0,09999998;;
6p;Body5;-0,189999;2,840534E-08;-0,2750028;270;270,0001;0;0,09999998;0,09999998;0,09999998;;
6p;sign_arm_2l (1);-0,1729984;-1,672015E-08;-0,2750007;2,134434E-07;3,415094E-06;2,134434E-07;1;1;1;;
6p;Body1;-0,1729984;-1,672015E-08;-0,2750007;270;270,0001;0;0,09999998;0,09999998;0,09999998;;
6p;Body2;-0,1729984;-1,672015E-08;-0,2750007;270;270,0001;0;0,09999998;0,09999998;0,09999998;;
6p;Body3;-0,1729984;-1,672015E-08;-0,2750007;270;270,0001;0;0,09999998;0,09999998;0,09999998;;
6p;Body4;-0,1729984;-1,672015E-08;-0,2750007;270;270,0001;0;0,09999998;0,09999998;0,09999998;;
6p;Body5;-0,1729984;-1,672015E-08;-0,2750007;270;270,0001;0;0,09999998;0,09999998;0,09999998;;
6p;GameObject (6);-0,207;0;-0,175;0;0;0;1;1;1;;
6p;pmo_shifted;-0,2070015;1,280569E-07;-0,1750003;3,773191E-07;270,0001;-1,131954E-06;1;1;1;;
6p;Body1;-0,2070015;1,280569E-07;-0,1750003;270;270,0001;0;0,1;0,1;0,09999999;;
6p;Body3;-0,2070015;1,280569E-07;-0,1750003;270;270,0001;0;0,1;0,1;0,09999999;;
6p;Body18;-0,2070015;1,280569E-07;-0,1750003;270;270,0001;0;0,1;0,1;0,09999999;;
6p;Body19;-0,2070015;1,280569E-07;-0,1750003;270;270,0001;0;0,1;0,1;0,09999999;;
6p;GameObject;-0,2430005;6,193295E-08;-0,2110005;3,773191E-07;270,0001;-1,131954E-06;1;1;1;;
6p;Body12;-0,2070015;1,280569E-07;-0,1750003;270;270,0001;0;0,1;0,1;0,1;;
6p;Body13;-0,2070015;1,280569E-07;-0,1750003;270;270,0001;0;0,1;0,1;0,1;;
6p;Body13.001;-0,2070015;1,280569E-07;-0,1750003;270;270,0001;0;0,1;0,1;0,1;;
6p;GameObject (64);-0,2900006;5,960464E-08;-0,1809986;270;9,659345E-06;0;11;-60;2;;
6p;label;-0,2955002;0,000500001;-0,2109981;270;2,414836E-05;0;0,011;-0,06000001;0,001;;
6p;sign_arm_2l;-0,1899981;-4,563481E-08;-0,1790027;2,134434E-07;3,415094E-06;2,134434E-07;1;1;1;;
6p;Body1;-0,1899981;-4,563481E-08;-0,1790027;270;270,0001;0;0,09999998;0,09999998;0,09999998;;
6p;Body2;-0,1899981;-4,563481E-08;-0,1790027;270;270,0001;0;0,09999998;0,09999998;0,09999998;;
6p;Body3;-0,1899981;-4,563481E-08;-0,1790027;270;270,0001;0;0,09999998;0,09999998;0,09999998;;
6p;Body4;-0,1899981;-4,563481E-08;-0,1790027;270;270,0001;0;0,09999998;0,09999998;0,09999998;;
6p;Body5;-0,1899981;-4,563481E-08;-0,1790027;270;270,0001;0;0,09999998;0,09999998;0,09999998;;
6p;sign_arm_2l (1);-0,1729983;-2,468005E-08;-0,1790018;2,134434E-07;3,415094E-06;2,134434E-07;1;1;1;;
6p;Body1;-0,1729986;-3,259629E-09;-0,1790022;270;270,0001;0;0,09999998;0,09999998;0,09999998;;
6p;Body2;-0,1729986;-3,259629E-09;-0,1790022;270;270,0001;0;0,09999998;0,09999998;0,09999998;;
6p;Body3;-0,1729986;-3,259629E-09;-0,1790022;270;270,0001;0;0,09999998;0,09999998;0,09999998;;
6p;Body4;-0,1729986;-3,259629E-09;-0,1790022;270;270,0001;0;0,09999998;0,09999998;0,09999998;;
6p;Body5;-0,1729986;-3,259629E-09;-0,1790022;270;270,0001;0;0,09999998;0,09999998;0,09999998;;
6p;GameObject (7);-0,207;0;-0,366;0;0;0;1;1;1;;
6p;pmo_shifted;-0,2070004;3,18978E-08;-0,3659996;3,773191E-07;270,0001;-1,131954E-06;1;1;1;;
6p;Body1;-0,2070004;3,18978E-08;-0,3659996;270;270,0001;0;0,1;0,1;0,09999999;;
6p;Body3;-0,2070004;3,18978E-08;-0,3659996;270;270,0001;0;0,1;0,1;0,09999999;;
6p;Body18;-0,2070004;3,18978E-08;-0,3659996;270;270,0001;0;0,1;0,1;0,09999999;;
6p;Body19;-0,2070004;3,18978E-08;-0,3659996;270;270,0001;0;0,1;0,1;0,09999999;;
6p;GameObject;-0,2430015;1,498847E-07;-0,4019995;3,773191E-07;270,0001;-1,131954E-06;1;1;1;;
6p;Body12;-0,2070009;7,473864E-08;-0,3660004;270;270,0001;0;0,1;0,1;0,1;;
6p;Body13;-0,2070009;7,473864E-08;-0,3660004;270;270,0001;0;0,1;0,1;0,1;;
6p;Body13.001;-0,2070009;7,473864E-08;-0,3660004;270;270,0001;0;0,1;0,1;0,1;;
6p;GameObject (64);-0,2899994;-4,307367E-08;-0,3719996;270;9,659345E-06;0;11;-60;2;;
6p;label;-0,2954985;0,0004999104;-0,402;270;2,414836E-05;0;0,011;-0,06000001;0,001;;
6p;sign_arm_2l;-0,1899981;-5,029142E-08;-0,3700019;2,134434E-07;3,415094E-06;2,134434E-07;1;1;1;;
6p;Body1;-0,1899986;-5,587935E-09;-0,3700027;270;270,0001;0;0,09999998;0,09999998;0,09999998;;
6p;Body2;-0,1899986;-5,587935E-09;-0,3700027;270;270,0001;0;0,09999998;0,09999998;0,09999998;;
6p;Body3;-0,1899986;-5,587935E-09;-0,3700027;270;270,0001;0;0,09999998;0,09999998;0,09999998;;
6p;Body4;-0,1899986;-5,587935E-09;-0,3700027;270;270,0001;0;0,09999998;0,09999998;0,09999998;;
6p;Body5;-0,1899986;-5,587935E-09;-0,3700027;270;270,0001;0;0,09999998;0,09999998;0,09999998;;
6p;sign_arm_2l (1);-0,1729982;-2,840534E-08;-0,370001;2,134434E-07;3,415094E-06;2,134434E-07;1;1;1;;
6p;Body1;-0,1729988;1,44355E-08;-0,3700018;270;270,0001;0;0,09999998;0,09999998;0,09999998;;
6p;Body2;-0,1729988;1,44355E-08;-0,3700018;270;270,0001;0;0,09999998;0,09999998;0,09999998;;
6p;Body3;-0,1729988;1,44355E-08;-0,3700018;270;270,0001;0;0,09999998;0,09999998;0,09999998;;
6p;Body4;-0,1729988;1,44355E-08;-0,3700018;270;270,0001;0;0,09999998;0,09999998;0,09999998;;
6p;Body5;-0,1729988;1,44355E-08;-0,3700018;270;270,0001;0;0,09999998;0,09999998;0,09999998;;
6p;GameObject (8);-0,364;0;-0,366;0;0;0;1;1;1;;
6p;pmo_shifted;-0,3639999;8,381903E-09;-0,3660007;3,773191E-07;270,0001;-1,131954E-06;1;1;1;;
6p;Body1;-0,3639996;-1,769513E-08;-0,366002;270;270,0001;0;0,1;0,1;0,09999999;;
6p;Body3;-0,3639996;-1,769513E-08;-0,366002;270;270,0001;0;0,1;0,1;0,09999999;;
6p;Body18;-0,3639996;-1,769513E-08;-0,366002;270;270,0001;0;0,1;0,1;0,09999999;;
6p;Body19;-0,3639996;-1,769513E-08;-0,366002;270;270,0001;0;0,1;0,1;0,09999999;;
6p;GameObject;-0,3999997;1,210719E-08;-0,4020002;3,773191E-07;270,0001;-1,131954E-06;1;1;1;;
6p;Body12;-0,3639999;8,381903E-09;-0,3660007;270;270,0001;0;0,1;0,1;0,1;;
6p;Body13;-0,3639999;8,381903E-09;-0,3660007;270;270,0001;0;0,1;0,1;0,1;;
6p;Body13.001;-0,3639999;8,381903E-09;-0,3660007;270;270,0001;0;0,1;0,1;0,1;;
6p;GameObject (64);-0,4469995;-7,543713E-08;-0,3719998;270;9,659345E-06;0;11;-60;2;;
6p;label;-0,4524988;0,000499839;-0,4020005;270;2,414836E-05;0;0,011;-0,06000001;0,001;;
6p;sign_arm_2l;-0,3469987;2,654269E-08;-0,3700011;2,134434E-07;3,415094E-06;2,134434E-07;1;1;1;;
6p;Body1;-0,3469987;2,654269E-08;-0,3700011;270;270,0001;0;0,09999998;0,09999998;0,09999998;;
6p;Body2;-0,3469987;2,654269E-08;-0,3700011;270;270,0001;0;0,09999998;0,09999998;0,09999998;;
6p;Body3;-0,3469987;2,654269E-08;-0,3700011;270;270,0001;0;0,09999998;0,09999998;0,09999998;;
6p;Body4;-0,3469987;2,654269E-08;-0,3700011;270;270,0001;0;0,09999998;0,09999998;0,09999998;;
6p;Body5;-0,3469987;2,654269E-08;-0,3700011;270;270,0001;0;0,09999998;0,09999998;0,09999998;;
6p;sign_arm_2l (1);-0,3299981;-8,335337E-08;-0,3700007;2,134434E-07;3,415094E-06;2,134434E-07;1;1;1;;
6p;Body1;-0,3299986;-4,051253E-08;-0,3700016;270;270,0001;0;0,09999998;0,09999998;0,09999998;;
6p;Body2;-0,3299986;-4,051253E-08;-0,3700016;270;270,0001;0;0,09999998;0,09999998;0,09999998;;
6p;Body3;-0,3299986;-4,051253E-08;-0,3700016;270;270,0001;0;0,09999998;0,09999998;0,09999998;;
6p;Body4;-0,3299986;-4,051253E-08;-0,3700016;270;270,0001;0;0,09999998;0,09999998;0,09999998;;
6p;Body5;-0,3299986;-4,051253E-08;-0,3700016;270;270,0001;0;0,09999998;0,09999998;0,09999998;;
6p;GameObject (9);-0,364;0;-0,08;0;0;0;1;1;1;;
6p;pmo_shifted;-0,3640015;1,434237E-07;-0,07999979;3,773191E-07;270,0001;-1,131954E-06;1;1;1;;
6p;Body1;-0,3640015;1,434237E-07;-0,07999979;270;270,0001;0;0,1;0,1;0,09999999;;
6p;Body3;-0,3640015;1,434237E-07;-0,07999979;270;270,0001;0;0,1;0,1;0,09999999;;
6p;Body18;-0,3640015;1,434237E-07;-0,07999979;270;270,0001;0;0,1;0,1;0,09999999;;
6p;Body19;-0,3640015;1,434237E-07;-0,07999979;270;270,0001;0;0,1;0,1;0,09999999;;
6p;GameObject;-0,4000005;8,009374E-08;-0,1159999;3,773191E-07;270,0001;-1,131954E-06;1;1;1;;
6p;Body12;-0,3640015;1,434237E-07;-0,07999979;270;270,0001;0;0,1;0,1;0,1;;
6p;Body13;-0,3640015;1,434237E-07;-0,07999979;270;270,0001;0;0,1;0,1;0,1;;
6p;Body13.001;-0,3640015;1,434237E-07;-0,07999979;270;270,0001;0;0,1;0,1;0,1;;
6p;GameObject (64);-0,4470005;1,117587E-08;-0,08599979;270;9,659345E-06;0;11;-60;2;;
6p;label;-0,4525011;0,000500042;-0,1160009;270;2,414836E-05;0;0,011;-0,06000001;0,001;;
6p;sign_arm_2l;-0,3469981;-2,980232E-08;-0,08400216;2,134434E-07;3,415094E-06;2,134434E-07;1;1;1;;
6p;Body1;-0,3469973;-1,005828E-07;-0,08400267;270;270,0001;0;0,09999998;0,09999998;0,09999998;;
6p;Body2;-0,3469973;-1,005828E-07;-0,08400267;270;270,0001;0;0,09999998;0,09999998;0,09999998;;
6p;Body3;-0,3469973;-1,005828E-07;-0,08400267;270;270,0001;0;0,09999998;0,09999998;0,09999998;;
6p;Body4;-0,3469973;-1,005828E-07;-0,08400267;270;270,0001;0;0,09999998;0,09999998;0,09999998;;
6p;Body5;-0,3469973;-1,005828E-07;-0,08400267;270;270,0001;0;0,09999998;0,09999998;0,09999998;;
6p;sign_arm_2l (1);-0,3299989;-1,862645E-08;-0,08400035;2,134434E-07;3,415094E-06;2,134434E-07;1;1;1;;
6p;Body1;-0,3299989;-1,862645E-08;-0,08400035;270;270,0001;0;0,09999998;0,09999998;0,09999998;;
6p;Body2;-0,3299989;-1,862645E-08;-0,08400035;270;270,0001;0;0,09999998;0,09999998;0,09999998;;
6p;Body3;-0,3299989;-1,862645E-08;-0,08400035;270;270,0001;0;0,09999998;0,09999998;0,09999998;;
6p;Body4;-0,3299989;-1,862645E-08;-0,08400035;270;270,0001;0;0,09999998;0,09999998;0,09999998;;
6p;Body5;-0,3299989;-1,862645E-08;-0,08400035;270;270,0001;0;0,09999998;0,09999998;0,09999998;;
6p;GameObject (10);-0,364;0;-0,271;0;0;0;1;1;1;;
6p;pmo_shifted;-0,3640001;2,04891E-08;-0,2710004;3,773191E-07;270,0001;-1,131954E-06;1;1;1;;
6p;Body1;-0,3640001;2,04891E-08;-0,2710004;270;270,0001;0;0,1;0,1;0,09999999;;
6p;Body3;-0,3640001;2,04891E-08;-0,2710004;270;270,0001;0;0,1;0,1;0,09999999;;
6p;Body18;-0,3640001;2,04891E-08;-0,2710004;270;270,0001;0;0,1;0,1;0,09999999;;
6p;Body19;-0,3640001;2,04891E-08;-0,2710004;270;270,0001;0;0,1;0,1;0,09999999;;
6p;GameObject;-0,4000002;4,749745E-08;-0,3070004;3,773191E-07;270,0001;-1,131954E-06;1;1;1;;
6p;Body12;-0,3640001;2,04891E-08;-0,2710004;270;270,0001;0;0,1;0,1;0,1;;
6p;Body13;-0,3640001;2,04891E-08;-0,2710004;270;270,0001;0;0,1;0,1;0,1;;
6p;Body13.001;-0,3640001;2,04891E-08;-0,2710004;270;270,0001;0;0,1;0,1;0,1;;
6p;GameObject (64);-0,4469993;-8,940697E-08;-0,2770008;270;9,659345E-06;0;11;-60;2;;
6p;label;-0,4524984;0,0004998632;-0,3070012;270;2,414836E-05;0;0,011;-0,06000001;0,001;;
6p;sign_arm_2l;-0,3469985;1,117587E-08;-0,2750021;2,134434E-07;3,415094E-06;2,134434E-07;1;1;1;;
6p;Body1;-0,346999;5,401671E-08;-0,275003;270;270,0001;0;0,09999998;0,09999998;0,09999998;;
6p;Body2;-0,346999;5,401671E-08;-0,275003;270;270,0001;0;0,09999998;0,09999998;0,09999998;;
6p;Body3;-0,346999;5,401671E-08;-0,275003;270;270,0001;0;0,09999998;0,09999998;0,09999998;;
6p;Body4;-0,346999;5,401671E-08;-0,275003;270;270,0001;0;0,09999998;0,09999998;0,09999998;;
6p;Body5;-0,346999;5,401671E-08;-0,275003;270;270,0001;0;0,09999998;0,09999998;0,09999998;;
6p;sign_arm_2l (1);-0,3299985;-4,842877E-08;-0,2750008;2,134434E-07;3,415094E-06;2,134434E-07;1;1;1;;
6p;Body1;-0,3299985;-4,842877E-08;-0,2750008;270;270,0001;0;0,09999998;0,09999998;0,09999998;;
6p;Body2;-0,3299985;-4,842877E-08;-0,2750008;270;270,0001;0;0,09999998;0,09999998;0,09999998;;
6p;Body3;-0,3299985;-4,842877E-08;-0,2750008;270;270,0001;0;0,09999998;0,09999998;0,09999998;;
6p;Body4;-0,3299985;-4,842877E-08;-0,2750008;270;270,0001;0;0,09999998;0,09999998;0,09999998;;
6p;Body5;-0,3299985;-4,842877E-08;-0,2750008;270;270,0001;0;0,09999998;0,09999998;0,09999998;;
6p;GameObject (11);-0,364;0;-0,175;0;0;0;1;1;1;;
6p;pmo_shifted;-0,3640011;1,098961E-07;-0,1749997;3,773191E-07;270,0001;-1,131954E-06;1;1;1;;
6p;Body1;-0,3640011;1,098961E-07;-0,1749997;270;270,0001;0;0,1;0,1;0,09999999;;
6p;Body3;-0,3640011;1,098961E-07;-0,1749997;270;270,0001;0;0,1;0,1;0,09999999;;
6p;Body18;-0,3640011;1,098961E-07;-0,1749997;270;270,0001;0;0,1;0,1;0,09999999;;
6p;Body19;-0,3640011;1,098961E-07;-0,1749997;270;270,0001;0;0,1;0,1;0,09999999;;
6p;GameObject;-0,4000001;4,470348E-08;-0,2109998;3,773191E-07;270,0001;-1,131954E-06;1;1;1;;
6p;Body12;-0,3640011;1,098961E-07;-0,1749997;270;270,0001;0;0,1;0,1;0,1;;
6p;Body13;-0,3640011;1,098961E-07;-0,1749997;270;270,0001;0;0,1;0,1;0,1;;
6p;Body13.001;-0,3640011;1,098961E-07;-0,1749997;270;270,0001;0;0,1;0,1;0,1;;
6p;GameObject (64);-0,4469998;-5,029142E-08;-0,181001;270;9,659345E-06;0;11;-60;2;;
6p;label;-0,4524997;0,0004999135;-0,2110009;270;2,414836E-05;0;0,011;-0,06000001;0,001;;
6p;sign_arm_2l;-0,3469996;1,005828E-07;-0,1790014;2,134434E-07;3,415094E-06;2,134434E-07;1;1;1;;
6p;Body1;-0,3469996;1,005828E-07;-0,1790014;270;270,0001;0;0,09999998;0,09999998;0,09999998;;
6p;Body2;-0,3469996;1,005828E-07;-0,1790014;270;270,0001;0;0,09999998;0,09999998;0,09999998;;
6p;Body3;-0,3469996;1,005828E-07;-0,1790014;270;270,0001;0;0,09999998;0,09999998;0,09999998;;
6p;Body4;-0,3469996;1,005828E-07;-0,1790014;270;270,0001;0;0,09999998;0,09999998;0,09999998;;
6p;Body5;-0,3469996;1,005828E-07;-0,1790014;270;270,0001;0;0,09999998;0,09999998;0,09999998;;
6p;sign_arm_2l (1);-0,3299981;-8,009374E-08;-0,1790016;2,134434E-07;3,415094E-06;2,134434E-07;1;1;1;;
6p;Body1;-0,3299986;-3,632158E-08;-0,1790024;270;270,0001;0;0,09999998;0,09999998;0,09999998;;
6p;Body2;-0,3299986;-3,632158E-08;-0,1790024;270;270,0001;0;0,09999998;0,09999998;0,09999998;;
6p;Body3;-0,3299986;-3,632158E-08;-0,1790024;270;270,0001;0;0,09999998;0,09999998;0,09999998;;
6p;Body4;-0,3299986;-3,632158E-08;-0,1790024;270;270,0001;0;0,09999998;0,09999998;0,09999998;;
6p;Body5;-0,3299986;-3,632158E-08;-0,1790024;270;270,0001;0;0,09999998;0,09999998;0,09999998;;
6p;bruk v8;-0,504;0;-0,186;270;270,0001;0;1;1;1;;
6p;Body1;-0,5039992;-9,49949E-08;-0,1860008;270;270,0001;0;0,1;0,09999999;0,09999999;;
6p;Body4;-0,5039992;-9,49949E-08;-0,1860008;270;270,0001;0;0,1;0,09999999;0,09999999;;
6p;Body13;-0,5039992;-9,49949E-08;-0,1860008;270;270,0001;0;0,1;0,09999999;0,09999999;;
6p;Body15;-0,5039992;-9,49949E-08;-0,1860008;270;270,0001;0;0,1;0,09999999;0,09999999;;
6p;Body16;-0,5039992;-9,49949E-08;-0,1860008;270;270,0001;0;0,1;0,09999999;0,09999999;;
6p;Body17;-0,5039992;-9,49949E-08;-0,1860008;270;270,0001;0;0,1;0,09999999;0,09999999;;
6p;Body18;-0,5039992;-9,49949E-08;-0,1860008;270;270,0001;0;0,1;0,09999999;0,09999999;;
6p;Body19;-0,5039992;-9,49949E-08;-0,1860008;270;270,0001;0;0,1;0,09999999;0,09999999;;
6p;Body21;-0,5039992;-9,49949E-08;-0,1860008;270;270,0001;0;0,1;0,09999999;0,09999999;;
6p;Body22;-0,5039992;-9,49949E-08;-0,1860008;270;270,0001;0;0,1;0,09999999;0,09999999;;
6p;Body24;-0,5039992;-9,49949E-08;-0,1860008;270;270,0001;0;0,1;0,09999999;0,09999999;;
6p;Body25;-0,5039992;-9,49949E-08;-0,1860008;270;270,0001;0;0,1;0,09999999;0,09999999;;
6p;Body26;-0,5039992;-9,49949E-08;-0,1860008;270;270,0001;0;0,1;0,09999999;0,09999999;;
6p;Body28;-0,5039992;-9,49949E-08;-0,1860008;270;270,0001;0;0,1;0,09999999;0,09999999;;
6p;Body30;-0,5039992;-9,49949E-08;-0,1860008;270;270,0001;0;0,1;0,09999999;0,09999999;;
6p;Body34;-0,5039992;-9,49949E-08;-0,1860008;270;270,0001;0;0,1;0,09999999;0,09999999;;
6p;bruk v8;-0,5448;0;-0,186;270;270,0001;0;1;1;1;;
6p;Body1;-0,5447998;-3,539026E-08;-0,1859997;270;270,0001;0;0,1;0,09999999;0,09999999;;
6p;Body4;-0,5447998;-3,539026E-08;-0,1859997;270;270,0001;0;0,1;0,09999999;0,09999999;;
6p;Body13;-0,5447998;-3,539026E-08;-0,1859997;270;270,0001;0;0,1;0,09999999;0,09999999;;
6p;Body15;-0,5447998;-3,539026E-08;-0,1859997;270;270,0001;0;0,1;0,09999999;0,09999999;;
6p;Body16;-0,5447998;-3,539026E-08;-0,1859997;270;270,0001;0;0,1;0,09999999;0,09999999;;
6p;Body17;-0,5447998;-3,539026E-08;-0,1859997;270;270,0001;0;0,1;0,09999999;0,09999999;;
6p;Body18;-0,5447998;-3,539026E-08;-0,1859997;270;270,0001;0;0,1;0,09999999;0,09999999;;
6p;Body19;-0,5447998;-3,539026E-08;-0,1859997;270;270,0001;0;0,1;0,09999999;0,09999999;;
6p;Body21;-0,5447998;-3,539026E-08;-0,1859997;270;270,0001;0;0,1;0,09999999;0,09999999;;
6p;Body22;-0,5447998;-3,539026E-08;-0,1859997;270;270,0001;0;0,1;0,09999999;0,09999999;;
6p;Body24;-0,5447998;-3,539026E-08;-0,1859997;270;270,0001;0;0,1;0,09999999;0,09999999;;
6p;Body25;-0,5447998;-3,539026E-08;-0,1859997;270;270,0001;0;0,1;0,09999999;0,09999999;;
6p;Body26;-0,5447998;-3,539026E-08;-0,1859997;270;270,0001;0;0,1;0,09999999;0,09999999;;
6p;Body28;-0,5447998;-3,539026E-08;-0,1859997;270;270,0001;0;0,1;0,09999999;0,09999999;;
6p;Body30;-0,5447998;-3,539026E-08;-0,1859997;270;270,0001;0;0,1;0,09999999;0,09999999;;
6p;Body34;-0,5447998;-3,539026E-08;-0,1859997;270;270,0001;0;0,1;0,09999999;0,09999999;;
6p;bruk v8;-0,5856;0;-0,186;270;270,0001;0;1;1;1;;
6p;Body1;-0,5856004;1,676381E-08;-0,1860003;270;270,0001;0;0,1;0,09999999;0,09999999;;
6p;Body4;-0,5856004;1,676381E-08;-0,1860003;270;270,0001;0;0,1;0,09999999;0,09999999;;
6p;Body13;-0,5856004;1,676381E-08;-0,1860003;270;270,0001;0;0,1;0,09999999;0,09999999;;
6p;Body15;-0,5856004;1,676381E-08;-0,1860003;270;270,0001;0;0,1;0,09999999;0,09999999;;
6p;Body16;-0,5856004;1,676381E-08;-0,1860003;270;270,0001;0;0,1;0,09999999;0,09999999;;
6p;Body17;-0,5856004;1,676381E-08;-0,1860003;270;270,0001;0;0,1;0,09999999;0,09999999;;
6p;Body18;-0,5856004;1,676381E-08;-0,1860003;270;270,0001;0;0,1;0,09999999;0,09999999;;
6p;Body19;-0,5856004;1,676381E-08;-0,1860003;270;270,0001;0;0,1;0,09999999;0,09999999;;
6p;Body21;-0,5856004;1,676381E-08;-0,1860003;270;270,0001;0;0,1;0,09999999;0,09999999;;
6p;Body22;-0,5856004;1,676381E-08;-0,1860003;270;270,0001;0;0,1;0,09999999;0,09999999;;
6p;Body24;-0,5856004;1,676381E-08;-0,1860003;270;270,0001;0;0,1;0,09999999;0,09999999;;
6p;Body25;-0,5856004;1,676381E-08;-0,1860003;270;270,0001;0;0,1;0,09999999;0,09999999;;
6p;Body26;-0,5856004;1,676381E-08;-0,1860003;270;270,0001;0;0,1;0,09999999;0,09999999;;
6p;Body28;-0,5856004;1,676381E-08;-0,1860003;270;270,0001;0;0,1;0,09999999;0,09999999;;
6p;Body30;-0,5856004;1,676381E-08;-0,1860003;270;270,0001;0;0,1;0,09999999;0,09999999;;
6p;Body34;-0,5856004;1,676381E-08;-0,1860003;270;270,0001;0;0,1;0,09999999;0,09999999;;
6p;bruk v8;-0,6264;0;-0,186;270;270,0001;0;1;1;1;;
6p;Body1;-0,6263996;-4,470348E-08;-0,1860006;270;270,0001;0;0,1;0,09999999;0,09999999;;
6p;Body4;-0,6263996;-4,470348E-08;-0,1860006;270;270,0001;0;0,1;0,09999999;0,09999999;;
6p;Body13;-0,6263996;-4,470348E-08;-0,1860006;270;270,0001;0;0,1;0,09999999;0,09999999;;
6p;Body15;-0,6263996;-4,470348E-08;-0,1860006;270;270,0001;0;0,1;0,09999999;0,09999999;;
6p;Body16;-0,6263996;-4,470348E-08;-0,1860006;270;270,0001;0;0,1;0,09999999;0,09999999;;
6p;Body17;-0,6263996;-4,470348E-08;-0,1860006;270;270,0001;0;0,1;0,09999999;0,09999999;;
6p;Body18;-0,6263996;-4,470348E-08;-0,1860006;270;270,0001;0;0,1;0,09999999;0,09999999;;
6p;Body19;-0,6263996;-4,470348E-08;-0,1860006;270;270,0001;0;0,1;0,09999999;0,09999999;;
6p;Body21;-0,6263996;-4,470348E-08;-0,1860006;270;270,0001;0;0,1;0,09999999;0,09999999;;
6p;Body22;-0,6263996;-4,470348E-08;-0,1860006;270;270,0001;0;0,1;0,09999999;0,09999999;;
6p;Body24;-0,6263996;-4,470348E-08;-0,1860006;270;270,0001;0;0,1;0,09999999;0,09999999;;
6p;Body25;-0,6263996;-4,470348E-08;-0,1860006;270;270,0001;0;0,1;0,09999999;0,09999999;;
6p;Body26;-0,6263996;-4,470348E-08;-0,1860006;270;270,0001;0;0,1;0,09999999;0,09999999;;
6p;Body28;-0,6263996;-4,470348E-08;-0,1860006;270;270,0001;0;0,1;0,09999999;0,09999999;;
6p;Body30;-0,6263996;-4,470348E-08;-0,1860006;270;270,0001;0;0,1;0,09999999;0,09999999;;
6p;Body34;-0,6263996;-4,470348E-08;-0,1860006;270;270,0001;0;0,1;0,09999999;0,09999999;;
6p;bruk v8;-0,6672;0;-0,186;270;270,0001;0;1;1;1;;
6p;Body1;-0,667199;-1,043081E-07;-0,1860009;270;270,0001;0;0,1;0,09999999;0,09999999;;
6p;Body4;-0,667199;-1,043081E-07;-0,1860009;270;270,0001;0;0,1;0,09999999;0,09999999;;
6p;Body13;-0,667199;-1,043081E-07;-0,1860009;270;270,0001;0;0,1;0,09999999;0,09999999;;
6p;Body15;-0,667199;-1,043081E-07;-0,1860009;270;270,0001;0;0,1;0,09999999;0,09999999;;
6p;Body16;-0,667199;-1,043081E-07;-0,1860009;270;270,0001;0;0,1;0,09999999;0,09999999;;
6p;Body17;-0,667199;-1,043081E-07;-0,1860009;270;270,0001;0;0,1;0,09999999;0,09999999;;
6p;Body18;-0,667199;-1,043081E-07;-0,1860009;270;270,0001;0;0,1;0,09999999;0,09999999;;
6p;Body19;-0,667199;-1,043081E-07;-0,1860009;270;270,0001;0;0,1;0,09999999;0,09999999;;
6p;Body21;-0,667199;-1,043081E-07;-0,1860009;270;270,0001;0;0,1;0,09999999;0,09999999;;
6p;Body22;-0,667199;-1,043081E-07;-0,1860009;270;270,0001;0;0,1;0,09999999;0,09999999;;
6p;Body24;-0,667199;-1,043081E-07;-0,1860009;270;270,0001;0;0,1;0,09999999;0,09999999;;
6p;Body25;-0,667199;-1,043081E-07;-0,1860009;270;270,0001;0;0,1;0,09999999;0,09999999;;
6p;Body26;-0,667199;-1,043081E-07;-0,1860009;270;270,0001;0;0,1;0,09999999;0,09999999;;
6p;Body28;-0,667199;-1,043081E-07;-0,1860009;270;270,0001;0;0,1;0,09999999;0,09999999;;
6p;Body30;-0,667199;-1,043081E-07;-0,1860009;270;270,0001;0;0,1;0,09999999;0,09999999;;
6p;Body34;-0,667199;-1,043081E-07;-0,1860009;270;270,0001;0;0,1;0,09999999;0,09999999;;
6p;bruk v8;-0,708;0;-0,186;270;270,0001;0;1;1;1;;
6p;Body1;-0,7080001;3,72529E-09;-0,1860006;270;270,0001;0;0,1;0,09999999;0,09999999;;
6p;Body4;-0,7080001;3,72529E-09;-0,1860006;270;270,0001;0;0,1;0,09999999;0,09999999;;
6p;Body13;-0,7080001;3,72529E-09;-0,1860006;270;270,0001;0;0,1;0,09999999;0,09999999;;
6p;Body15;-0,7080001;3,72529E-09;-0,1860006;270;270,0001;0;0,1;0,09999999;0,09999999;;
6p;Body16;-0,7080001;3,72529E-09;-0,1860006;270;270,0001;0;0,1;0,09999999;0,09999999;;
6p;Body17;-0,7080001;3,72529E-09;-0,1860006;270;270,0001;0;0,1;0,09999999;0,09999999;;
6p;Body18;-0,7080001;3,72529E-09;-0,1860006;270;270,0001;0;0,1;0,09999999;0,09999999;;
6p;Body19;-0,7080001;3,72529E-09;-0,1860006;270;270,0001;0;0,1;0,09999999;0,09999999;;
6p;Body21;-0,7080001;3,72529E-09;-0,1860006;270;270,0001;0;0,1;0,09999999;0,09999999;;
6p;Body22;-0,7080001;3,72529E-09;-0,1860006;270;270,0001;0;0,1;0,09999999;0,09999999;;
6p;Body24;-0,7080001;3,72529E-09;-0,1860006;270;270,0001;0;0,1;0,09999999;0,09999999;;
6p;Body25;-0,7080001;3,72529E-09;-0,1860006;270;270,0001;0;0,1;0,09999999;0,09999999;;
6p;Body26;-0,7080001;3,72529E-09;-0,1860006;270;270,0001;0;0,1;0,09999999;0,09999999;;
6p;Body28;-0,7080001;3,72529E-09;-0,1860006;270;270,0001;0;0,1;0,09999999;0,09999999;;
6p;Body30;-0,7080001;3,72529E-09;-0,1860006;270;270,0001;0;0,1;0,09999999;0,09999999;;
6p;Body34;-0,7080001;3,72529E-09;-0,1860006;270;270,0001;0;0,1;0,09999999;0,09999999;;
6p;bruk v8 (1);-0,5448;0;-0,328164;270;270,0001;0;1;1;1;;
6p;Body1;-0,5447996;-5,029142E-08;-0,3281636;270;270,0001;0;0,1;0,09999999;0,09999999;;
6p;Body4;-0,5447996;-5,029142E-08;-0,3281636;270;270,0001;0;0,1;0,09999999;0,09999999;;
6p;Body13;-0,5447996;-5,029142E-08;-0,3281636;270;270,0001;0;0,1;0,09999999;0,09999999;;
6p;Body15;-0,5447996;-5,029142E-08;-0,3281636;270;270,0001;0;0,1;0,09999999;0,09999999;;
6p;Body16;-0,5447996;-5,029142E-08;-0,3281636;270;270,0001;0;0,1;0,09999999;0,09999999;;
6p;Body17;-0,5447996;-5,029142E-08;-0,3281636;270;270,0001;0;0,1;0,09999999;0,09999999;;
6p;Body18;-0,5447996;-5,029142E-08;-0,3281636;270;270,0001;0;0,1;0,09999999;0,09999999;;
6p;Body19;-0,5447996;-5,029142E-08;-0,3281636;270;270,0001;0;0,1;0,09999999;0,09999999;;
6p;Body21;-0,5447996;-5,029142E-08;-0,3281636;270;270,0001;0;0,1;0,09999999;0,09999999;;
6p;Body22;-0,5447996;-5,029142E-08;-0,3281636;270;270,0001;0;0,1;0,09999999;0,09999999;;
6p;Body24;-0,5447996;-5,029142E-08;-0,3281636;270;270,0001;0;0,1;0,09999999;0,09999999;;
6p;Body25;-0,5447996;-5,029142E-08;-0,3281636;270;270,0001;0;0,1;0,09999999;0,09999999;;
6p;Body26;-0,5447996;-5,029142E-08;-0,3281636;270;270,0001;0;0,1;0,09999999;0,09999999;;
6p;Body28;-0,5447996;-5,029142E-08;-0,3281636;270;270,0001;0;0,1;0,09999999;0,09999999;;
6p;Body30;-0,5447996;-5,029142E-08;-0,3281636;270;270,0001;0;0,1;0,09999999;0,09999999;;
6p;Body34;-0,5447996;-5,029142E-08;-0,3281636;270;270,0001;0;0,1;0,09999999;0,09999999;;
6p;bruk v8 (2);-0,6264;0;-0,328164;270;270,0001;0;1;1;1;;
6p;Body1;-0,6264003;1,490116E-08;-0,328164;270;270,0001;0;0,1;0,09999999;0,09999999;;
6p;Body4;-0,6264003;1,490116E-08;-0,328164;270;270,0001;0;0,1;0,09999999;0,09999999;;
6p;Body13;-0,6264003;1,490116E-08;-0,328164;270;270,0001;0;0,1;0,09999999;0,09999999;;
6p;Body15;-0,6264003;1,490116E-08;-0,328164;270;270,0001;0;0,1;0,09999999;0,09999999;;
6p;Body16;-0,6264003;1,490116E-08;-0,328164;270;270,0001;0;0,1;0,09999999;0,09999999;;
6p;Body17;-0,6264003;1,490116E-08;-0,328164;270;270,0001;0;0,1;0,09999999;0,09999999;;
6p;Body18;-0,6264003;1,490116E-08;-0,328164;270;270,0001;0;0,1;0,09999999;0,09999999;;
6p;Body19;-0,6264003;1,490116E-08;-0,328164;270;270,0001;0;0,1;0,09999999;0,09999999;;
6p;Body21;-0,6264003;1,490116E-08;-0,328164;270;270,0001;0;0,1;0,09999999;0,09999999;;
6p;Body22;-0,6264003;1,490116E-08;-0,328164;270;270,0001;0;0,1;0,09999999;0,09999999;;
6p;Body24;-0,6264003;1,490116E-08;-0,328164;270;270,0001;0;0,1;0,09999999;0,09999999;;
6p;Body25;-0,6264003;1,490116E-08;-0,328164;270;270,0001;0;0,1;0,09999999;0,09999999;;
6p;Body26;-0,6264003;1,490116E-08;-0,328164;270;270,0001;0;0,1;0,09999999;0,09999999;;
6p;Body28;-0,6264003;1,490116E-08;-0,328164;270;270,0001;0;0,1;0,09999999;0,09999999;;
6p;Body30;-0,6264003;1,490116E-08;-0,328164;270;270,0001;0;0,1;0,09999999;0,09999999;;
6p;Body34;-0,6264003;1,490116E-08;-0,328164;270;270,0001;0;0,1;0,09999999;0,09999999;;
6p;bruk v8 (3);-0,708;0;-0,328164;270;270,0001;0;1;1;1;;
6p;Body1;-0,7079989;-1,043081E-07;-0,3281646;270;270,0001;0;0,1;0,09999999;0,09999999;;
6p;Body4;-0,7079989;-1,043081E-07;-0,3281646;270;270,0001;0;0,1;0,09999999;0,09999999;;
6p;Body13;-0,7079989;-1,043081E-07;-0,3281646;270;270,0001;0;0,1;0,09999999;0,09999999;;
6p;Body15;-0,7079989;-1,043081E-07;-0,3281646;270;270,0001;0;0,1;0,09999999;0,09999999;;
6p;Body16;-0,7079989;-1,043081E-07;-0,3281646;270;270,0001;0;0,1;0,09999999;0,09999999;;
6p;Body17;-0,7079989;-1,043081E-07;-0,3281646;270;270,0001;0;0,1;0,09999999;0,09999999;;
6p;Body18;-0,7079989;-1,043081E-07;-0,3281646;270;270,0001;0;0,1;0,09999999;0,09999999;;
6p;Body19;-0,7079989;-1,043081E-07;-0,3281646;270;270,0001;0;0,1;0,09999999;0,09999999;;
6p;Body21;-0,7079989;-1,043081E-07;-0,3281646;270;270,0001;0;0,1;0,09999999;0,09999999;;
6p;Body22;-0,7079989;-1,043081E-07;-0,3281646;270;270,0001;0;0,1;0,09999999;0,09999999;;
6p;Body24;-0,7079989;-1,043081E-07;-0,3281646;270;270,0001;0;0,1;0,09999999;0,09999999;;
6p;Body25;-0,7079989;-1,043081E-07;-0,3281646;270;270,0001;0;0,1;0,09999999;0,09999999;;
6p;Body26;-0,7079989;-1,043081E-07;-0,3281646;270;270,0001;0;0,1;0,09999999;0,09999999;;
6p;Body28;-0,7079989;-1,043081E-07;-0,3281646;270;270,0001;0;0,1;0,09999999;0,09999999;;
6p;Body30;-0,7079989;-1,043081E-07;-0,3281646;270;270,0001;0;0,1;0,09999999;0,09999999;;
6p;Body34;-0,7079989;-1,043081E-07;-0,3281646;270;270,0001;0;0,1;0,09999999;0,09999999;;
6p;bruk v8 (4);-0,504;0;-0,328164;270;270,0001;0;1;1;1;;
6p;Body1;-0,504;-1,676381E-08;-0,3281646;270;270,0001;0;0,1;0,09999999;0,09999999;;
6p;Body4;-0,504;-1,676381E-08;-0,3281646;270;270,0001;0;0,1;0,09999999;0,09999999;;
6p;Body13;-0,504;-1,676381E-08;-0,3281646;270;270,0001;0;0,1;0,09999999;0,09999999;;
6p;Body15;-0,504;-1,676381E-08;-0,3281646;270;270,0001;0;0,1;0,09999999;0,09999999;;
6p;Body16;-0,504;-1,676381E-08;-0,3281646;270;270,0001;0;0,1;0,09999999;0,09999999;;
6p;Body17;-0,504;-1,676381E-08;-0,3281646;270;270,0001;0;0,1;0,09999999;0,09999999;;
6p;Body18;-0,504;-1,676381E-08;-0,3281646;270;270,0001;0;0,1;0,09999999;0,09999999;;
6p;Body19;-0,504;-1,676381E-08;-0,3281646;270;270,0001;0;0,1;0,09999999;0,09999999;;
6p;Body21;-0,504;-1,676381E-08;-0,3281646;270;270,0001;0;0,1;0,09999999;0,09999999;;
6p;Body22;-0,504;-1,676381E-08;-0,3281646;270;270,0001;0;0,1;0,09999999;0,09999999;;
6p;Body24;-0,504;-1,676381E-08;-0,3281646;270;270,0001;0;0,1;0,09999999;0,09999999;;
6p;Body25;-0,504;-1,676381E-08;-0,3281646;270;270,0001;0;0,1;0,09999999;0,09999999;;
6p;Body26;-0,504;-1,676381E-08;-0,3281646;270;270,0001;0;0,1;0,09999999;0,09999999;;
6p;Body28;-0,504;-1,676381E-08;-0,3281646;270;270,0001;0;0,1;0,09999999;0,09999999;;
6p;Body30;-0,504;-1,676381E-08;-0,3281646;270;270,0001;0;0,1;0,09999999;0,09999999;;
6p;Body34;-0,504;-1,676381E-08;-0,3281646;270;270,0001;0;0,1;0,09999999;0,09999999;;
6p;bruk v8 (5);-0,5856;0;-0,328164;270;270,0001;0;1;1;1;;
6p;Body1;-0,5856;-1,862645E-08;-0,3281638;270;270,0001;0;0,1;0,09999999;0,09999999;;
6p;Body4;-0,5856;-1,862645E-08;-0,3281638;270;270,0001;0;0,1;0,09999999;0,09999999;;
6p;Body13;-0,5856;-1,862645E-08;-0,3281638;270;270,0001;0;0,1;0,09999999;0,09999999;;
6p;Body15;-0,5856;-1,862645E-08;-0,3281638;270;270,0001;0;0,1;0,09999999;0,09999999;;
6p;Body16;-0,5856;-1,862645E-08;-0,3281638;270;270,0001;0;0,1;0,09999999;0,09999999;;
6p;Body17;-0,5856;-1,862645E-08;-0,3281638;270;270,0001;0;0,1;0,09999999;0,09999999;;
6p;Body18;-0,5856;-1,862645E-08;-0,3281638;270;270,0001;0;0,1;0,09999999;0,09999999;;
6p;Body19;-0,5856;-1,862645E-08;-0,3281638;270;270,0001;0;0,1;0,09999999;0,09999999;;
6p;Body21;-0,5856;-1,862645E-08;-0,3281638;270;270,0001;0;0,1;0,09999999;0,09999999;;
6p;Body22;-0,5856;-1,862645E-08;-0,3281638;270;270,0001;0;0,1;0,09999999;0,09999999;;
6p;Body24;-0,5856;-1,862645E-08;-0,3281638;270;270,0001;0;0,1;0,09999999;0,09999999;;
6p;Body25;-0,5856;-1,862645E-08;-0,3281638;270;270,0001;0;0,1;0,09999999;0,09999999;;
6p;Body26;-0,5856;-1,862645E-08;-0,3281638;270;270,0001;0;0,1;0,09999999;0,09999999;;
6p;Body28;-0,5856;-1,862645E-08;-0,3281638;270;270,0001;0;0,1;0,09999999;0,09999999;;
6p;Body30;-0,5856;-1,862645E-08;-0,3281638;270;270,0001;0;0,1;0,09999999;0,09999999;;
6p;Body34;-0,5856;-1,862645E-08;-0,3281638;270;270,0001;0;0,1;0,09999999;0,09999999;;
6p;bruk v8 (6);-0,6672;0;-0,328164;270;270,0001;0;1;1;1;;
6p;Body1;-0,6672004;2,607703E-08;-0,3281638;270;270,0001;0;0,1;0,09999999;0,09999999;;
6p;Body4;-0,6672004;2,607703E-08;-0,3281638;270;270,0001;0;0,1;0,09999999;0,09999999;;
6p;Body13;-0,6672004;2,607703E-08;-0,3281638;270;270,0001;0;0,1;0,09999999;0,09999999;;
6p;Body15;-0,6672004;2,607703E-08;-0,3281638;270;270,0001;0;0,1;0,09999999;0,09999999;;
6p;Body16;-0,6672004;2,607703E-08;-0,3281638;270;270,0001;0;0,1;0,09999999;0,09999999;;
6p;Body17;-0,6672004;2,607703E-08;-0,3281638;270;270,0001;0;0,1;0,09999999;0,09999999;;
6p;Body18;-0,6672004;2,607703E-08;-0,3281638;270;270,0001;0;0,1;0,09999999;0,09999999;;
6p;Body19;-0,6672004;2,607703E-08;-0,3281638;270;270,0001;0;0,1;0,09999999;0,09999999;;
6p;Body21;-0,6672004;2,607703E-08;-0,3281638;270;270,0001;0;0,1;0,09999999;0,09999999;;
6p;Body22;-0,6672004;2,607703E-08;-0,3281638;270;270,0001;0;0,1;0,09999999;0,09999999;;
6p;Body24;-0,6672004;2,607703E-08;-0,3281638;270;270,0001;0;0,1;0,09999999;0,09999999;;
6p;Body25;-0,6672004;2,607703E-08;-0,3281638;270;270,0001;0;0,1;0,09999999;0,09999999;;
6p;Body26;-0,6672004;2,607703E-08;-0,3281638;270;270,0001;0;0,1;0,09999999;0,09999999;;
6p;Body28;-0,6672004;2,607703E-08;-0,3281638;270;270,0001;0;0,1;0,09999999;0,09999999;;
6p;Body30;-0,6672004;2,607703E-08;-0,3281638;270;270,0001;0;0,1;0,09999999;0,09999999;;
6p;Body34;-0,6672004;2,607703E-08;-0,3281638;270;270,0001;0;0,1;0,09999999;0,09999999;;
6p;GameObject (65);-0,517;0;-0,111;270;2,897803E-05;0;11;-61;2;;
6p;label;-0,5224997;0,0004999898;-0,1415;270;3,38077E-05;0;0,011;-0,06100001;0,001;;
6p;GameObject (65);-0,558;0;-0,111;270;2,897803E-05;0;11;-61;2;;
6p;label;-0,5634999;0,0004999731;-0,1414994;270;3,38077E-05;0;0,011;-0,06100001;0,001;;
6p;GameObject (65);-0,599;0;-0,111;270;2,897803E-05;0;11;-61;2;;
6p;label;-0,6044992;0,0004999377;-0,1415011;270;3,38077E-05;0;0,011;-0,06100001;0,001;;
6p;GameObject (65);-0,64;0;-0,111;270;2,897803E-05;0;11;-61;2;;
6p;label;-0,6454993;0,0004999228;-0,1415005;270;3,38077E-05;0;0,011;-0,06100001;0,001;;
6p;GameObject (65);-0,676;0;-0,111;270;2,897803E-05;0;11;-61;2;;
6p;label;-0,6815;0,0005000047;-0,1415014;270;3,38077E-05;0;0,011;-0,06100001;0,001;;
6p;GameObject (65);-0,716;0;-0,111;270;2,897803E-05;0;11;-61;2;;
6p;label;-0,7215005;0,0005000569;-0,1414999;270;3,38077E-05;0;0,011;-0,06100001;0,001;;
6p;GameObject (66);-0,5656;0;-0,459164;270;2,897803E-05;0;11;-61;2;;
6p;label;-0,5710995;0,0004999451;-0,4896651;270;3,38077E-05;0;0,011;-0,06100001;0,001;;
6p;GameObject (67);-0,6448;0;-0,459164;270;2,897803E-05;0;11;-61;2;;
6p;label;-0,6503004;0,0005000699;-0,4896641;270;3,38077E-05;0;0,011;-0,06100001;0,001;;
6p;GameObject (68);-0,724;0;-0,459164;270;2,897803E-05;0;11;-61;2;;
6p;label;-0,7294997;0,000499988;-0,489664;270;3,38077E-05;0;0,011;-0,06100001;0,001;;
6p;GameObject (69);-0,526;0;-0,459164;270;2,897803E-05;0;11;-61;2;;
6p;label;-0,5314995;0,0004999787;-0,4896644;270;3,38077E-05;0;0,011;-0,06100001;0,001;;
6p;GameObject (72);-0,22;0,0025;-0,657;270;2,897803E-05;0;11;-40;2;;
6p;label;-0,2254991;0,002999931;-0,6770012;270;3,38077E-05;0;0,011;-0,04;0,001;;
6p;GameObject (78);-0,129;0;-0,59475;270;2,897803E-05;0;11;-40;2;;
6p;label;-0,134499;0,0004999414;-0,6147498;270;3,38077E-05;0;0,011;-0,04;0,001;;
6p;GameObject (82);-0,075;0;-0,675;270;2,897803E-05;0;9;-21;2;;
6p;label;-0,07950011;0,0004999973;-0,6854998;270;3,38077E-05;0;0,009000001;-0,021;0,001;;
6p;GameObject (85);-0,1015;0;-0,785;270;2,897803E-05;0;9;-21;2;;
6p;label;-0,1059999;0,0004999842;-0,7954996;270;3,38077E-05;0;0,009000001;-0,021;0,001;;
6p;GameObject (86);-0,075;0;-0,8165;270;2,897803E-05;0;9;-21;2;;
6p;label;-0,07949942;0,0004999377;-0,8270004;270;3,38077E-05;0;0,009000001;-0,021;0,001;;
6p;GameObject (87);-0,1015;0;-0,848;270;2,897803E-05;0;9;-21;2;;
6p;label;-0,1060003;0,0005000234;-0,8585007;270;3,38077E-05;0;0,009000001;-0,021;0,001;;
6p;GameObject (83);-0,1015;0;-0,6435;270;2,897803E-05;0;9;-21;2;;
6p;label;-0,1059989;0,0004999023;-0,654;270;3,38077E-05;0;0,009000001;-0,021;0,001;;
6p;GameObject (84);-0,1015;0;-0,7065;270;2,897803E-05;0;9;-21;2;;
6p;label;-0,1059997;0,0004999675;-0,7169997;270;3,38077E-05;0;0,009000001;-0,021;0,001;;
6p;GameObject (79);-0,129;0;-0,6655;270;2,897803E-05;0;11;-40;2;;
6p;label;-0,1344995;0,0004999917;-0,6855007;270;3,38077E-05;0;0,011;-0,04;0,001;;
6p;GameObject (80);-0,129;0;-0,73625;270;2,897803E-05;0;11;-40;2;;
6p;label;-0,1344999;0,0005000234;-0,7562494;270;3,38077E-05;0;0,011;-0,04;0,001;;
6p;GameObject (81);-0,129;0;-0,807;270;2,897803E-05;0;11;-40;2;;
6p;label;-0,1345005;0,0005000718;-0,8270003;270;3,38077E-05;0;0,011;-0,04;0,001;;
6p;GameObject (73);-0,22;0,0025;-0,789;270;2,897803E-05;0;11;-40;2;;
6p;label;-0,2255004;0,003000043;-0,8090004;270;3,38077E-05;0;0,011;-0,04;0,001;;
6p;valveind (1);-0,205;0,0025;-0,809;0;0;0;1;1;1;;
6p;Body1;-0,2049992;0,002499934;-0,809;270;4,829673E-06;0;0,1;0,1;0,09999999;;
6p;Body2;-0,2049992;0,002499934;-0,809;270;4,829673E-06;0;0,1;0,1;0,09999999;;
6p;Body3;-0,2049992;0,002499934;-0,809;270;4,829673E-06;0;0,1;0,1;0,09999999;;
6p;Body6;-0,2049992;0,002499934;-0,809;270;4,829673E-06;0;0,1;0,1;0,09999999;;
6p;GameObject (70);-0,6052;0;-0,459164;270;2,897803E-05;0;11;-61;2;;
6p;label;-0,6106994;0,0004999489;-0,4896636;270;3,38077E-05;0;0,011;-0,06100001;0,001;;
6p;GameObject (71);-0,6844;0;-0,459164;270;2,897803E-05;0;11;-61;2;;
6p;label;-0,6898994;0,0004999395;-0,4896647;270;3,38077E-05;0;0,011;-0,06100001;0,001;;
6p;GameObject (76);-0,186;0;-0,611;270;0;0;621;-264;5;;
6p;plate;-0,4965008;0,001250085;-0,7430005;270;4,829673E-06;0;0,6210001;-0,264;0,0025;;
6p;valveind;-0,205;0,0025;-0,677;0;0;0;1;1;1;;
6p;Body1;-0,2049995;0,002499958;-0,6770015;270;4,829673E-06;0;0,1;0,1;0,09999999;;
6p;Body2;-0,2049995;0,002499958;-0,6770015;270;4,829673E-06;0;0,1;0,1;0,09999999;;
6p;Body3;-0,2049995;0,002499958;-0,6770015;270;4,829673E-06;0;0,1;0,1;0,09999999;;
6p;Body6;-0,2049995;0,002499958;-0,6770015;270;4,829673E-06;0;0,1;0,1;0,09999999;;
6p;GameObject (12);-0,2585;0,0025;-0,7645;0;0;0;1;1;1;;
6p;p2p1ta;-0,2585006;0,002500081;-0,7645009;-1,471541E-06;270;-2,641223E-07;0,9999998;1;0,9999998;;
6p;Body1;-0,2585003;0,002500054;-0,7645022;270;270;0;0,1;0,1;0,1;;
6p;Body1.001;-0,2585003;0,002500054;-0,7645022;270;270;0;0,1;0,1;0,1;;
6p;Body2;-0,2585003;0,002500054;-0,7645022;270;270;0;0,1;0,1;0,1;;
6p;Body3;-0,2585003;0,002500054;-0,7645022;270;270;0;0,1;0,1;0,1;;
6p;GameObject (74);-0,2739996;0,002500029;-0,7445002;270;5,312639E-05;0;11;-40;2;;
6p;label;-0,2794997;0,003000072;-0,7645004;270;6,761539E-05;0;0,011;-0,04;0,001;;
6p;GameObject (17);-0,2585;0,0025;-0,6335;0;0;0;1;1;1;;
6p;p2p1ta;-0,2584995;0,002499988;-0,6335003;-1,471541E-06;270;-2,641223E-07;0,9999998;1;0,9999998;;
6p;Body1;-0,2584995;0,002499988;-0,6335003;270;270;0;0,1;0,1;0,1;;
6p;Body1.001;-0,2584995;0,002499988;-0,6335003;270;270;0;0,1;0,1;0,1;;
6p;Body2;-0,2584995;0,002499988;-0,6335003;270;270;0;0,1;0,1;0,1;;
6p;Body3;-0,2584995;0,002499988;-0,6335003;270;270;0;0,1;0,1;0,1;;
6p;GameObject (74);-0,2739999;0,002500052;-0,6134999;270;5,312639E-05;0;11;-40;2;;
6p;label;-0,2794997;0,003000068;-0,6335014;270;6,761539E-05;0;0,011;-0,04;0,001;;
6p;GameObject (18);-0,2585;0,0025;-0,6775;0;0;0;1;1;1;;
6p;p2p1ta;-0,2584993;0,002499971;-0,6775002;-1,471541E-06;270;-2,641223E-07;0,9999998;1;0,9999998;;
6p;Body1;-0,2584985;0,0024999;-0,6775007;270;270;0;0,1;0,1;0,1;;
6p;Body1.001;-0,2584985;0,0024999;-0,6775007;270;270;0;0,1;0,1;0,1;;
6p;Body2;-0,2584985;0,0024999;-0,6775007;270;270;0;0,1;0,1;0,1;;
6p;Body3;-0,2584985;0,0024999;-0,6775007;270;270;0;0,1;0,1;0,1;;
6p;GameObject (74);-0,2740004;0,002500102;-0,657501;270;5,312639E-05;0;11;-40;2;;
6p;label;-0,2795003;0,003000122;-0,6775008;270;6,761539E-05;0;0,011;-0,04;0,001;;
6p;GameObject (15);-0,3035;0,0025;-0,7645;0;0;0;1;1;1;;
6p;p2p1ta;-0,3034989;0,002499891;-0,7645009;-1,471541E-06;270;-2,641223E-07;0,9999998;1;0,9999998;;
6p;Body1;-0,3034989;0,002499891;-0,7645009;270;270;0;0,1;0,1;0,1;;
6p;Body1.001;-0,3034989;0,002499891;-0,7645009;270;270;0;0,1;0,1;0,1;;
6p;Body2;-0,3034989;0,002499891;-0,7645009;270;270;0;0,1;0,1;0,1;;
6p;Body3;-0,3034989;0,002499891;-0,7645009;270;270;0;0,1;0,1;0,1;;
6p;GameObject (74);-0,3200003;0,002500005;-0,7444999;270;7,244507E-05;0;11;-40;2;;
6p;label;-0,3254993;0,002999954;-0,7645002;270;8,21044E-05;0;0,011;-0,04;0,0009999999;;
6p;GameObject (16);-0,3035;0,0025;-0,8065;0;0;0;1;1;1;;
6p;p2p1ta;-0,3034998;0,002499981;-0,8065009;-1,471541E-06;270;-2,641223E-07;0,9999998;1;0,9999998;;
6p;Body1;-0,3035004;0,002500026;-0,8065017;270;270;0;0,1;0,1;0,1;;
6p;Body1.001;-0,3035004;0,002500026;-0,8065017;270;270;0;0,1;0,1;0,1;;
6p;Body2;-0,3035004;0,002500026;-0,8065017;270;270;0;0,1;0,1;0,1;;
6p;Body3;-0,3035004;0,002500026;-0,8065017;270;270;0;0,1;0,1;0,1;;
6p;GameObject (74);-0,3200002;0,0025;-0,7865001;270;7,244507E-05;0;11;-40;2;;
6p;label;-0,3255003;0,003000043;-0,8065003;270;8,21044E-05;0;0,011;-0,04;0,0009999999;;
6p;GameObject (13);-0,2585;0,0025;-0,8085;0;0;0;1;1;1;;
6p;p2p1ta;-0,2585004;0,002500064;-0,8085008;-1,471541E-06;270;-2,641223E-07;0,9999998;1;0,9999998;;
6p;Body1;-0,2585004;0,002500064;-0,8085008;270;270;0;0,1;0,1;0,1;;
6p;Body1.001;-0,2585004;0,002500064;-0,8085008;270;270;0;0,1;0,1;0,1;;
6p;Body2;-0,2585004;0,002500064;-0,8085008;270;270;0;0,1;0,1;0,1;;
6p;Body3;-0,2585004;0,002500064;-0,8085008;270;270;0;0,1;0,1;0,1;;
6p;GameObject (74);-0,2739986;0,002499941;-0,7885006;270;5,312639E-05;0;11;-40;2;;
6p;label;-0,2794981;0,002999936;-0,8085018;270;6,761539E-05;0;0,011;-0,04;0,001;;
6p;GameObject (14);-0,2585;0,0025;-0,8525;0;0;0;1;1;1;;
6p;p2p1ta;-0,2584994;0,002499975;-0,8525013;-1,471541E-06;270;-2,641223E-07;0,9999998;1;0,9999998;;
6p;Body1;-0,2584988;0,002499927;-0,8525022;270;270;0;0,1;0,1;0,1;;
6p;Body1.001;-0,2584988;0,002499927;-0,8525022;270;270;0;0,1;0,1;0,1;;
6p;Body2;-0,2584988;0,002499927;-0,8525022;270;270;0;0,1;0,1;0,1;;
6p;Body3;-0,2584988;0,002499927;-0,8525022;270;270;0;0,1;0,1;0,1;;
6p;GameObject (74);-0,2739981;0,002499898;-0,8325019;270;5,312639E-05;0;11;-40;2;;
6p;label;-0,2794985;0,002999963;-0,8525025;270;6,761539E-05;0;0,011;-0,04;0,001;;
6p;GameObject (19);-0,3035;0,0025;-0,6795;0;0;0;1;1;1;;
6p;p2p1ta;-0,3034998;0,002499977;-0,6795001;-1,471541E-06;270;-2,641223E-07;0,9999998;1;0,9999998;;
6p;Body1;-0,3034998;0,002499977;-0,6795001;270;270;0;0,1;0,1;0,1;;
6p;Body1.001;-0,3034998;0,002499977;-0,6795001;270;270;0;0,1;0,1;0,1;;
6p;Body2;-0,3034998;0,002499977;-0,6795001;270;270;0;0,1;0,1;0,1;;
6p;Body3;-0,3034998;0,002499977;-0,6795001;270;270;0;0,1;0,1;0,1;;
6p;GameObject (74);-0,3200004;0,00250002;-0,6594997;270;7,244507E-05;0;11;-40;2;;
6p;label;-0,3255005;0,003000062;-0,6794999;270;8,21044E-05;0;0,011;-0,04;0,0009999999;;
6p;GameObject (20);-0,3035;0,0025;-0,7215;0;0;0;1;1;1;;
6p;p2p1ta;-0,3035;0,002499996;-0,7215007;-1,471541E-06;270;-2,641223E-07;0,9999998;1;0,9999998;;
6p;Body1;-0,3034997;0,00249997;-0,721502;270;270;0;0,1;0,1;0,1;;
6p;Body1.001;-0,3034997;0,00249997;-0,721502;270;270;0;0,1;0,1;0,1;;
6p;Body2;-0,3034997;0,00249997;-0,721502;270;270;0;0,1;0,1;0,1;;
6p;Body3;-0,3034997;0,00249997;-0,721502;270;270;0;0,1;0,1;0,1;;
6p;GameObject (74);-0,3199996;0,002499945;-0,7015004;270;7,244507E-05;0;11;-40;2;;
6p;label;-0,3255001;0,003000028;-0,7215014;270;8,21044E-05;0;0,011;-0,04;0,0009999999;;
6p;GameObject (21);-0,354;0,0025;-0,635;0;0;0;1;1;1;;
6p;mk12_2pos;-0,3539994;0,002499983;-0,6350012;3,773191E-07;270,0001;-1,131954E-06;1;1;1;;
6p;mk_base;-0,3539994;0,002499983;-0,6350012;3,773191E-07;270,0001;-1,131954E-06;0,0009999999;0,001;0,001;;
6p;Body1;-0,3539994;0,002499983;-0,6350012;270;270,0001;0;0,1;0,1;0,09999999;;
6p;Body2;-0,3539994;0,002499983;-0,6350012;270;270,0001;0;0,1;0,1;0,09999999;;
6p;Body3;-0,3539994;0,002499983;-0,6350012;270;270,0001;0;0,1;0,1;0,09999999;;
6p;Body4;-0,3539994;0,002499983;-0,6350012;270;270,0001;0;0,1;0,1;0,09999999;;
6p;Body5;-0,3539994;0,002499983;-0,6350012;270;270,0001;0;0,1;0,1;0,09999999;;
6p;mk12_handle;-0,373999;0,008499973;-0,6550015;3,773191E-07;270,0001;-1,131954E-06;0,0009999999;0,001;0,001;;
6p;Body1;-0,3739982;0,008499902;-0,6550021;270;270,0001;0;0,1;0,1;0,09999999;;
6p;Body3;-0,3739982;0,008499902;-0,6550021;270;270,0001;0;0,1;0,1;0,09999999;;
6p;mtkind v4 (1);-0,3540005;0,002500074;-0,6830015;270;269,9999;0;0,9999999;1;1;;
6p;Body1;-0,3540006;0,003000103;-0,6830014;270;269,9999;0;0,09999999;0,1;0,09999999;;
6p;Point Light;-0,3740006;0,03024012;-0,7030015;90;269,9998;0;0,9999999;1;1;;
6p;GameObject (75);-0,3430002;0,00250002;-0,6230003;270;8,693407E-05;0;8;-20;2;;
6p;label;-0,3470003;0,003000038;-0,6330002;270;8,693407E-05;0;0,008;-0,02000001;0,001;;
6p;GameObject (77);-0,3429996;0,002500026;-0,6449995;270;8,693407E-05;0;8;-20;2;;
6p;label;-0,3469993;0,003000022;-0,6550007;270;8,693407E-05;0;0,008;-0,02000001;0,001;;
6p;GameObject (78);-0,3429997;0,002500033;-0,6670015;270;8,693407E-05;0;8;-20;2;;
6p;label;-0,3469984;0,002999935;-0,6770029;270;8,693407E-05;0;0,008;-0,02000001;0,001;;
6p;GameObject (79);-0,3990009;0,002500011;-0,6350009;270;8,693407E-05;0;11;-40;2;;
6p;label;-0,4045009;0,003000053;-0,6550012;270;8,693407E-05;0;0,011;-0,04000001;0,001;;
6p;GameObject (22);-0,354;0,0025;-0,746;0;0;0;1;1;1;;
6p;mk12_2pos;-0,3540005;0,002500076;-0,7459999;3,773191E-07;270,0001;-1,131954E-06;1;1;1;;
6p;mk_base;-0,3540005;0,002500076;-0,7459999;3,773191E-07;270,0001;-1,131954E-06;0,0009999999;0,001;0,001;;
6p;Body1;-0,3540005;0,002500076;-0,7459999;270;270,0001;0;0,1;0,1;0,09999999;;
6p;Body2;-0,3540005;0,002500076;-0,7459999;270;270,0001;0;0,1;0,1;0,09999999;;
6p;Body3;-0,3540005;0,002500076;-0,7459999;270;270,0001;0;0,1;0,1;0,09999999;;
6p;Body4;-0,3540005;0,002500076;-0,7459999;270;270,0001;0;0,1;0,1;0,09999999;;
6p;Body5;-0,3540005;0,002500076;-0,7459999;270;270,0001;0;0,1;0,1;0,09999999;;
6p;mk12_handle;-0,3740009;0,008500135;-0,7659998;3,773191E-07;270,0001;-1,131954E-06;0,0009999999;0,001;0,001;;
6p;Body1;-0,3740009;0,008500135;-0,7659998;270;270,0001;0;0,1;0,1;0,09999999;;
6p;Body3;-0,3740009;0,008500135;-0,7659998;270;270,0001;0;0,1;0,1;0,09999999;;
6p;mtkind v4 (1);-0,3539989;0,002499935;-0,7940013;270;269,9999;0;0,9999999;1;1;;
6p;Body1;-0,3539979;0,002999868;-0,7940013;270;269,9999;0;0,09999999;0,1;0,09999999;;
6p;Point Light;-0,3739979;0,03023989;-0,8140013;90;269,9998;0;0,9999999;1;1;;
6p;GameObject (75);-0,3430001;0,002500015;-0,7340008;270;8,693407E-05;0;8;-20;2;;
6p;label;-0,3469994;0,002999966;-0,7440013;270;8,693407E-05;0;0,008;-0,02000001;0,001;;
6p;GameObject (77);-0,3429987;0,002499951;-0,7560005;270;8,693407E-05;0;8;-20;2;;
6p;label;-0,346998;0,002999902;-0,7660009;270;8,693407E-05;0;0,008;-0,02000001;0,001;;
6p;GameObject (78);-0,3429978;0,002499872;-0,778001;270;8,693407E-05;0;8;-20;2;;
6p;label;-0,3469992;0,003000008;-0,7880012;270;8,693407E-05;0;0,008;-0,02000001;0,001;;
6p;GameObject (79);-0,3990016;0,00250008;-0,7460009;270;8,693407E-05;0;11;-40;2;;
6p;label;-0,4045025;0,00300019;-0,7660007;270;8,693407E-05;0;0,011;-0,04000001;0,001;;
6p;GameObject (23);-0,435;0,0025;-0,764;0;0;0;1;1;1;;
6p;p2p1ta (1);-0,4655;0,00250002;-0,7505003;-2,226177E-06;270;-4,150493E-07;0,9999998;1;0,9999998;c;
6p;Body1;-0,4655;0,00250002;-0,7505003;270;270;0;0,1;0,1;0,1;;
6p;Body1.001;-0,4655;0,00250002;-0,7505003;270;270;0;0,1;0,1;0,1;;
6p;Body2;-0,4655;0,00250002;-0,7505003;270;270;0;0,1;0,1;0,1;;
6p;Body3;-0,4655;0,00250002;-0,7505003;270;270;0;0,1;0,1;0,1;;
6p;p2p1ta (2);-0,4655003;0,002499987;-0,7775009;-2,226177E-06;270;-4,150493E-07;0,9999998;1;0,9999998;r;
6p;Body1;-0,4654997;0,002499938;-0,7775018;270;270;0;0,1;0,1;0,1;;
6p;Body1.001;-0,4654997;0,002499938;-0,7775018;270;270;0;0,1;0,1;0,1;;
6p;Body2;-0,4654997;0,002499938;-0,7775018;270;270;0;0,1;0,1;0,1;;
6p;Body3;-0,4654997;0,002499938;-0,7775018;270;270;0;0,1;0,1;0,1;;
6p;valveind (2);-0,4349996;0,002499987;-0,7639995;2,134434E-07;3,415094E-06;2,134434E-07;1;1;1;;
6p;Body1;-0,4349996;0,002499987;-0,7639995;270;4,829673E-06;0;0,1;0,1;0,1;;
6p;Body2;-0,4349996;0,002499987;-0,7639995;270;4,829673E-06;0;0,1;0,1;0,1;;
6p;Body3;-0,4349996;0,002499987;-0,7639995;270;4,829673E-06;0;0,1;0,1;0,1;;
6p;Body6;-0,4349996;0,002499987;-0,7639995;270;4,829673E-06;0;0,1;0,1;0,1;;
6p;GameObject (74);-0,4799975;0,002499949;-0,7440006;270;5,312639E-05;0;11;-40;2;;
6p;label;-0,4854984;0,003000063;-0,7640002;270;6,761539E-05;0;0,011;-0,04;0,001;;
6p;GameObject (24);-0,435;0,0025;-0,831;0;0;0;1;1;1;;
6p;p2p1ta (1);-0,4654996;0,002499988;-0,8175001;-2,226177E-06;270;-4,150493E-07;0,9999998;1;0,9999998;c;
6p;Body1;-0,4654996;0,002499988;-0,8175001;270;270;0;0,1;0,1;0,1;;
6p;Body1.001;-0,4654996;0,002499988;-0,8175001;270;270;0;0,1;0,1;0,1;;
6p;Body2;-0,4654996;0,002499988;-0,8175001;270;270;0;0,1;0,1;0,1;;
6p;Body3;-0,4654996;0,002499988;-0,8175001;270;270;0;0,1;0,1;0,1;;
6p;p2p1ta (2);-0,4655001;0,002499977;-0,8445011;-2,226177E-06;270;-4,150493E-07;0,9999998;1;0,9999998;r;
6p;Body1;-0,4654993;0,002499906;-0,8445016;270;270;0;0,1;0,1;0,1;;
6p;Body1.001;-0,4654993;0,002499906;-0,8445016;270;270;0;0,1;0,1;0,1;;
6p;Body2;-0,4654993;0,002499906;-0,8445016;270;270;0;0,1;0,1;0,1;;
6p;Body3;-0,4654993;0,002499906;-0,8445016;270;270;0;0,1;0,1;0,1;;
6p;valveind (2);-0,4350003;0,002500052;-0,8309991;2,134434E-07;3,415094E-06;2,134434E-07;1;1;1;;
6p;Body1;-0,4350003;0,002500052;-0,8309991;270;4,829673E-06;0;0,1;0,1;0,1;;
6p;Body2;-0,4350003;0,002500052;-0,8309991;270;4,829673E-06;0;0,1;0,1;0,1;;
6p;Body3;-0,4350003;0,002500052;-0,8309991;270;4,829673E-06;0;0,1;0,1;0,1;;
6p;Body6;-0,4350003;0,002500052;-0,8309991;270;4,829673E-06;0;0,1;0,1;0,1;;
6p;GameObject (74);-0,4799982;0,002500003;-0,8110019;270;5,312639E-05;0;11;-40;2;;
6p;label;-0,4854985;0,003000068;-0,8310025;270;6,761539E-05;0;0,011;-0,04;0,001;;
6p;GameObject (25);-0,5235;0,0025;-0,699167;0;0;0;1;1;1;;
6p;p2p1ta;-0,5234995;0,002499946;-0,6991676;-2,641225E-07;270;-8,678317E-07;1;1;1;;
6p;Body1;-0,5234995;0,002499946;-0,6991676;270;270;0;0,1;0,1;0,1;;
6p;Body1.001;-0,5234995;0,002499946;-0,6991676;270;270;0;0,1;0,1;0,1;;
6p;Body2;-0,5234995;0,002499946;-0,6991676;270;270;0;0,1;0,1;0,1;;
6p;Body3;-0,5234995;0,002499946;-0,6991676;270;270;0;0,1;0,1;0,1;;
6p;p2p1ta (1);-0,5235004;0,002500027;-0,7251675;-2,641225E-07;270;-8,678317E-07;1;1;1;r;
6p;Body1;-0,5235004;0,002500027;-0,7251675;270;270;0;0,1;0,1;0,1;;
6p;Body1.001;-0,5235004;0,002500027;-0,7251675;270;270;0;0,1;0,1;0,1;;
6p;Body2;-0,5235004;0,002500027;-0,7251675;270;270;0;0,1;0,1;0,1;;
6p;Body3;-0,5235004;0,002500027;-0,7251675;270;270;0;0,1;0,1;0,1;;
6p;GameObject (74);-0,5409991;0,002499965;-0,6821686;270;7,244507E-05;0;10;-60;2;;
6p;label;-0,5459994;0,003000029;-0,7121687;270;8,21044E-05;0;0,01;-0,06;0,0009999999;;
6p;GameObject (26);-0,5235;0,0025;-0,6385;0;0;0;1;1;1;;
6p;p2p1ta;-0,523499;0,002499899;-0,6385003;-2,641225E-07;270;-8,678317E-07;1;1;1;;
6p;Body1;-0,5234988;0,00249988;-0,6384999;270;270;0;0,1;0,1;0,1;;
6p;Body1.001;-0,5234988;0,00249988;-0,6384999;270;270;0;0,1;0,1;0,1;;
6p;Body2;-0,5234988;0,00249988;-0,6384999;270;270;0;0,1;0,1;0,1;;
6p;Body3;-0,5234988;0,00249988;-0,6384999;270;270;0;0,1;0,1;0,1;;
6p;p2p1ta (1);-0,5235002;0,002500002;-0,6645006;-2,641225E-07;270;-8,678317E-07;1;1;1;r;
6p;Body1;-0,5235002;0,002500002;-0,6645006;270;270;0;0,1;0,1;0,1;;
6p;Body1.001;-0,5235002;0,002500002;-0,6645006;270;270;0;0,1;0,1;0,1;;
6p;Body2;-0,5235002;0,002500002;-0,6645006;270;270;0;0,1;0,1;0,1;;
6p;Body3;-0,5235002;0,002500002;-0,6645006;270;270;0;0,1;0,1;0,1;;
6p;GameObject (27);-0,5235;0,0025;-0,759833;0;0;0;1;1;1;;
6p;p2p1ta;-0,5235004;0,00250002;-0,7598335;-2,641225E-07;270;-8,678317E-07;1;1;1;;
6p;Body1;-0,5234995;0,002499949;-0,7598341;270;270;0;0,1;0,1;0,1;;
6p;Body1.001;-0,5234995;0,002499949;-0,7598341;270;270;0;0,1;0,1;0,1;;
6p;Body2;-0,5234995;0,002499949;-0,7598341;270;270;0;0,1;0,1;0,1;;
6p;Body3;-0,5234995;0,002499949;-0,7598341;270;270;0;0,1;0,1;0,1;;
6p;p2p1ta (1);-0,5235003;0,002500007;-0,7858335;-2,641225E-07;270;-8,678317E-07;1;1;1;r;
6p;Body1;-0,5235003;0,002500007;-0,7858335;270;270;0;0,1;0,1;0,1;;
6p;Body1.001;-0,5235003;0,002500007;-0,7858335;270;270;0;0,1;0,1;0,1;;
6p;Body2;-0,5235003;0,002500007;-0,7858335;270;270;0;0,1;0,1;0,1;;
6p;Body3;-0,5235003;0,002500007;-0,7858335;270;270;0;0,1;0,1;0,1;;
6p;GameObject (74);-0,5409986;0,002499927;-0,7428342;270;7,244507E-05;0;10;-60;2;;
6p;label;-0,5459985;0,002999946;-0,7728335;270;8,21044E-05;0;0,01;-0,06;0,0009999999;;
6p;GameObject (29);-0,5723;0,003;-0,699167;0;0;0;1;1;1;;
6p;p2p1ta;-0,5722988;0,0029999;-0,6991676;-2,641225E-07;270;-8,678317E-07;1;1;1;;
6p;Body1;-0,5722978;0,002999799;-0,6991695;270;270;0;0,1;0,1;0,1;;
6p;Body1.001;-0,5722978;0,002999799;-0,6991695;270;270;0;0,1;0,1;0,1;;
6p;Body2;-0,5722978;0,002999799;-0,6991695;270;270;0;0,1;0,1;0,1;;
6p;Body3;-0,5722978;0,002999799;-0,6991695;270;270;0;0,1;0,1;0,1;;
6p;p2p1ta (1);-0,5722992;0,002999929;-0,7251683;-2,641225E-07;270;-8,678317E-07;1;1;1;r;
6p;Body1;-0,5722994;0,002999951;-0,7251688;270;270;0;0,1;0,1;0,1;;
6p;Body1.001;-0,5722994;0,002999951;-0,7251688;270;270;0;0,1;0,1;0,1;;
6p;Body2;-0,5722994;0,002999951;-0,7251688;270;270;0;0,1;0,1;0,1;;
6p;Body3;-0,5722994;0,002999951;-0,7251688;270;270;0;0,1;0,1;0,1;;
6p;GameObject (74);-0,5898;0,003000061;-0,6821676;270;7,244507E-05;0;10;-60;2;;
6p;label;-0,5947995;0,003500049;-0,7121682;270;8,21044E-05;0;0,01;-0,06;0,0009999999;;
6p;GameObject (30);-0,5723;0,003;-0,76;0;0;0;1;1;1;;
6p;p2p1ta;-0,5722994;0,002999953;-0,7600002;-2,641225E-07;270;-8,678317E-07;1;1;1;;
6p;Body1;-0,5722994;0,002999953;-0,7600002;270;270;0;0,1;0,1;0,1;;
6p;Body1.001;-0,5722994;0,002999953;-0,7600002;270;270;0;0,1;0,1;0,1;;
6p;Body2;-0,5722994;0,002999953;-0,7600002;270;270;0;0,1;0,1;0,1;;
6p;Body3;-0,5722994;0,002999953;-0,7600002;270;270;0;0,1;0,1;0,1;;
6p;p2p1ta (1);-0,5723003;0,003000027;-0,7860017;-2,641225E-07;270;-8,678317E-07;1;1;1;r;
6p;Body1;-0,5723008;0,003000071;-0,7860025;270;270;0;0,1;0,1;0,1;;
6p;Body1.001;-0,5723008;0,003000071;-0,7860025;270;270;0;0,1;0,1;0,1;;
6p;Body2;-0,5723008;0,003000071;-0,7860025;270;270;0;0,1;0,1;0,1;;
6p;Body3;-0,5723008;0,003000071;-0,7860025;270;270;0;0,1;0,1;0,1;;
6p;GameObject (74);-0,5897989;0,002999973;-0,7430012;270;7,244507E-05;0;10;-60;2;;
6p;label;-0,5947986;0,003499965;-0,7730018;270;8,21044E-05;0;0,01;-0,06;0,0009999999;;
6p;GameObject (31);-0,5723;0,003;-0,638;0;0;0;1;1;1;;
6p;p2p1ta;-0,5722992;0,002999935;-0,638001;-2,641225E-07;270;-8,678317E-07;1;1;1;;
6p;Body1;-0,5722988;0,002999891;-0,6380002;270;270;0;0,1;0,1;0,1;;
6p;Body1.001;-0,5722988;0,002999891;-0,6380002;270;270;0;0,1;0,1;0,1;;
6p;Body2;-0,5722988;0,002999891;-0,6380002;270;270;0;0,1;0,1;0,1;;
6p;Body3;-0,5722988;0,002999891;-0,6380002;270;270;0;0,1;0,1;0,1;;
6p;p2p1ta (1);-0,5723002;0,003000013;-0,6640008;-2,641225E-07;270;-8,678317E-07;1;1;1;r;
6p;Body1;-0,5723002;0,003000013;-0,6640008;270;270;0;0,1;0,1;0,1;;
6p;Body1.001;-0,5723002;0,003000013;-0,6640008;270;270;0;0,1;0,1;0,1;;
6p;Body2;-0,5723002;0,003000013;-0,6640008;270;270;0;0,1;0,1;0,1;;
6p;Body3;-0,5723002;0,003000013;-0,6640008;270;270;0;0,1;0,1;0,1;;
6p;GameObject (74);-0,5897988;0,002999955;-0,621002;270;7,244507E-05;0;10;-60;2;;
6p;label;-0,5947992;0,003500015;-0,651002;270;8,21044E-05;0;0,01;-0,06;0,0009999999;;
6p;GameObject (32);-0,5723;0,003;-0,82;0;0;0;1;1;1;;
6p;p2p1ta;-0,5723004;0,003000037;-0,8200003;-2,641225E-07;270;-8,678317E-07;1;1;1;;
6p;Body1;-0,5723004;0,003000037;-0,8200003;270;270;0;0,1;0,1;0,1;;
6p;Body1.001;-0,5723004;0,003000037;-0,8200003;270;270;0;0,1;0,1;0,1;;
6p;Body2;-0,5723004;0,003000037;-0,8200003;270;270;0;0,1;0,1;0,1;;
6p;Body3;-0,5723004;0,003000037;-0,8200003;270;270;0;0,1;0,1;0,1;;
6p;p2p1ta (1);-0,5722995;0,002999958;-0,8459989;-2,641225E-07;270;-8,678317E-07;1;1;1;r;
6p;Body1;-0,5722995;0,002999958;-0,8459989;270;270;0;0,1;0,1;0,1;;
6p;Body1.001;-0,5722995;0,002999958;-0,8459989;270;270;0;0,1;0,1;0,1;;
6p;Body2;-0,5722995;0,002999958;-0,8459989;270;270;0;0,1;0,1;0,1;;
6p;Body3;-0,5722995;0,002999958;-0,8459989;270;270;0;0,1;0,1;0,1;;
6p;GameObject (74);-0,5897999;0,003000056;-0,8030013;270;7,244507E-05;0;10;-60;2;;
6p;label;-0,5947998;0,003500075;-0,8330005;270;8,21044E-05;0;0,01;-0,06;0,0009999999;;
6p;GameObject (33);-0,6211;0,003;-0,82;0;0;0;1;1;1;;
6p;p2p1ta;-0,6210994;0,002999939;-0,8199999;-2,641225E-07;270;-8,678317E-07;1;1;1;;
6p;Body1;-0,6210996;0,002999961;-0,8200004;270;270;0;0,1;0,1;0,1;;
6p;Body1.001;-0,6210996;0,002999961;-0,8200004;270;270;0;0,1;0,1;0,1;;
6p;Body2;-0,6210996;0,002999961;-0,8200004;270;270;0;0,1;0,1;0,1;;
6p;Body3;-0,6210996;0,002999961;-0,8200004;270;270;0;0,1;0,1;0,1;;
6p;p2p1ta (1);-0,6210999;0,002999994;-0,8460011;-2,641225E-07;270;-8,678317E-07;1;1;1;r;
6p;Body1;-0,6210999;0,002999994;-0,8460011;270;270;0;0,1;0,1;0,1;;
6p;Body1.001;-0,6210999;0,002999994;-0,8460011;270;270;0;0,1;0,1;0,1;;
6p;Body2;-0,6210999;0,002999994;-0,8460011;270;270;0;0,1;0,1;0,1;;
6p;Body3;-0,6210999;0,002999994;-0,8460011;270;270;0;0,1;0,1;0,1;;
6p;GameObject (74);-0,6385989;0,002999959;-0,803001;270;7,244507E-05;0;10;-60;2;;
6p;label;-0,6435997;0,003500063;-0,8330019;270;8,21044E-05;0;0,01;-0,06;0,0009999999;;
6p;GameObject (34);-0,6211;0,003;-0,699;0;0;0;1;1;1;;
6p;p2p1ta;-0,6211002;0,003000009;-0,6990005;-2,641225E-07;270;-8,678317E-07;1;1;1;;
6p;Body1;-0,6210998;0,002999979;-0,6990018;270;270;0;0,1;0,1;0,1;;
6p;Body1.001;-0,6210998;0,002999979;-0,6990018;270;270;0;0,1;0,1;0,1;;
6p;Body2;-0,6210998;0,002999979;-0,6990018;270;270;0;0,1;0,1;0,1;;
6p;Body3;-0,6210998;0,002999979;-0,6990018;270;270;0;0,1;0,1;0,1;;
6p;p2p1ta (1);-0,6211011;0,003000086;-0,7250004;-2,641225E-07;270;-8,678317E-07;1;1;1;r;
6p;Body1;-0,6211011;0,003000086;-0,7250004;270;270;0;0,1;0,1;0,1;;
6p;Body1.001;-0,6211011;0,003000086;-0,7250004;270;270;0;0,1;0,1;0,1;;
6p;Body2;-0,6211011;0,003000086;-0,7250004;270;270;0;0,1;0,1;0,1;;
6p;Body3;-0,6211011;0,003000086;-0,7250004;270;270;0;0,1;0,1;0,1;;
6p;GameObject (74);-0,6385996;0,003000028;-0,6820015;270;7,244507E-05;0;10;-60;2;;
6p;label;-0,6435995;0,003500043;-0,7120008;270;8,21044E-05;0;0,01;-0,06;0,0009999999;;
6p;GameObject (35);-0,6211;0,003;-0,638;0;0;0;1;1;1;;
6p;p2p1ta;-0,6211001;0,003000002;-0,6380001;-2,641225E-07;270;-8,678317E-07;1;1;1;;
6p;Body1;-0,6211001;0,003000002;-0,6380001;270;270;0;0,1;0,1;0,1;;
6p;Body1.001;-0,6211001;0,003000002;-0,6380001;270;270;0;0,1;0,1;0,1;;
6p;Body2;-0,6211001;0,003000002;-0,6380001;270;270;0;0,1;0,1;0,1;;
6p;Body3;-0,6211001;0,003000002;-0,6380001;270;270;0;0,1;0,1;0,1;;
6p;p2p1ta (1);-0,621101;0,00300008;-0,6639999;-2,641225E-07;270;-8,678317E-07;1;1;1;r;
6p;Body1;-0,621101;0,00300008;-0,6639999;270;270;0;0,1;0,1;0,1;;
6p;Body1.001;-0,621101;0,00300008;-0,6639999;270;270;0;0,1;0,1;0,1;;
6p;Body2;-0,621101;0,00300008;-0,6639999;270;270;0;0,1;0,1;0,1;;
6p;Body3;-0,621101;0,00300008;-0,6639999;270;270;0;0,1;0,1;0,1;;
6p;GameObject (74);-0,6386004;0,003000094;-0,6210006;270;7,244507E-05;0;10;-60;2;;
6p;label;-0,6436013;0,003500197;-0,6510015;270;8,21044E-05;0;0,01;-0,06;0,0009999999;;
6p;GameObject (36);-0,6211;0,003;-0,76;0;0;0;1;1;1;;
6p;p2p1ta;-0,6210997;0,002999971;-0,7600002;-2,641225E-07;270;-8,678317E-07;1;1;1;;
6p;Body1;-0,6210997;0,002999971;-0,7600002;270;270;0;0,1;0,1;0,1;;
6p;Body1.001;-0,6210997;0,002999971;-0,7600002;270;270;0;0,1;0,1;0,1;;
6p;Body2;-0,6210997;0,002999971;-0,7600002;270;270;0;0,1;0,1;0,1;;
6p;Body3;-0,6210997;0,002999971;-0,7600002;270;270;0;0,1;0,1;0,1;;
6p;p2p1ta (1);-0,6211004;0,003000022;-0,7860013;-2,641225E-07;270;-8,678317E-07;1;1;1;r;
6p;Body1;-0,6211;0,002999996;-0,7860027;270;270;0;0,1;0,1;0,1;;
6p;Body1.001;-0,6211;0,002999996;-0,7860027;270;270;0;0,1;0,1;0,1;;
6p;Body2;-0,6211;0,002999996;-0,7860027;270;270;0;0,1;0,1;0,1;;
6p;Body3;-0,6211;0,002999996;-0,7860027;270;270;0;0,1;0,1;0,1;;
6p;GameObject (74);-0,6385997;0,003000035;-0,743002;270;7,244507E-05;0;10;-60;2;;
6p;label;-0,6435998;0,003500069;-0,7730034;270;8,21044E-05;0;0,01;-0,06;0,0009999999;;
6p;GameObject (37);-0,6699;0,003;-0,699;0;0;0;1;1;1;;
6p;p2p1ta;-0,6699002;0,003000004;-0,6990002;-2,641225E-07;270;-8,678317E-07;1;1;1;;
6p;Body1;-0,6699002;0,003000004;-0,6990002;270;270;0;0,1;0,1;0,1;;
6p;Body1.001;-0,6699002;0,003000004;-0,6990002;270;270;0;0,1;0,1;0,1;;
6p;Body2;-0,6699002;0,003000004;-0,6990002;270;270;0;0,1;0,1;0,1;;
6p;Body3;-0,6699002;0,003000004;-0,6990002;270;270;0;0,1;0,1;0,1;;
6p;p2p1ta (1);-0,6699011;0,003000085;-0,725;-2,641225E-07;270;-8,678317E-07;1;1;1;r;
6p;Body1;-0,6699003;0,003000014;-0,7250005;270;270;0;0,1;0,1;0,1;;
6p;Body1.001;-0,6699003;0,003000014;-0,7250005;270;270;0;0,1;0,1;0,1;;
6p;Body2;-0,6699003;0,003000014;-0,7250005;270;270;0;0,1;0,1;0,1;;
6p;Body3;-0,6699003;0,003000014;-0,7250005;270;270;0;0,1;0,1;0,1;;
6p;GameObject (74);-0,6873997;0,003000025;-0,6820012;270;7,244507E-05;0;10;-60;2;;
6p;label;-0,6923993;0,003500013;-0,7120018;270;8,21044E-05;0;0,01;-0,06;0,0009999999;;
6p;GameObject (38);-0,6699;0,003;-0,82;0;0;0;1;1;1;;
6p;p2p1ta;-0,6698988;0,002999886;-0,8200005;-2,641225E-07;270;-8,678317E-07;1;1;1;;
6p;Body1;-0,6698993;0,002999931;-0,8200013;270;270;0;0,1;0,1;0,1;;
6p;Body1.001;-0,6698993;0,002999931;-0,8200013;270;270;0;0,1;0,1;0,1;;
6p;Body2;-0,6698993;0,002999931;-0,8200013;270;270;0;0,1;0,1;0,1;;
6p;Body3;-0,6698993;0,002999931;-0,8200013;270;270;0;0,1;0,1;0,1;;
6p;p2p1ta (1);-0,6698997;0,00299996;-0,846002;-2,641225E-07;270;-8,678317E-07;1;1;1;r;
6p;Body1;-0,6699002;0,003000004;-0,8460029;270;270;0;0,1;0,1;0,1;;
6p;Body1.001;-0,6699002;0,003000004;-0,8460029;270;270;0;0,1;0,1;0,1;;
6p;Body2;-0,6699002;0,003000004;-0,8460029;270;270;0;0,1;0,1;0,1;;
6p;Body3;-0,6699002;0,003000004;-0,8460029;270;270;0;0,1;0,1;0,1;;
6p;GameObject (74);-0,6873989;0,002999954;-0,8030006;270;7,244507E-05;0;10;-60;2;;
6p;label;-0,692399;0,003499995;-0,8330003;270;8,21044E-05;0;0,01;-0,06;0,0009999999;;
6p;GameObject (39);-0,6699;0,003;-0,638;0;0;0;1;1;1;;
6p;p2p1ta;-0,6699006;0,003000038;-0,6380005;-2,641225E-07;270;-8,678317E-07;1;1;1;;
6p;Body1;-0,6699006;0,003000038;-0,6380005;270;270;0;0,1;0,1;0,1;;
6p;Body1.001;-0,6699006;0,003000038;-0,6380005;270;270;0;0,1;0,1;0,1;;
6p;Body2;-0,6699006;0,003000038;-0,6380005;270;270;0;0,1;0,1;0,1;;
6p;Body3;-0,6699006;0,003000038;-0,6380005;270;270;0;0,1;0,1;0,1;;
6p;p2p1ta (1);-0,6698994;0,002999937;-0,6640005;-2,641225E-07;270;-8,678317E-07;1;1;1;r;
6p;Body1;-0,6698994;0,002999937;-0,6640005;270;270;0;0,1;0,1;0,1;;
6p;Body1.001;-0,6698994;0,002999937;-0,6640005;270;270;0;0,1;0,1;0,1;;
6p;Body2;-0,6698994;0,002999937;-0,6640005;270;270;0;0,1;0,1;0,1;;
6p;Body3;-0,6698994;0,002999937;-0,6640005;270;270;0;0,1;0,1;0,1;;
6p;GameObject (74);-0,6874001;0,003000058;-0,6210015;270;7,244507E-05;0;10;-60;2;;
6p;label;-0,6924013;0,003500191;-0,6510011;270;8,21044E-05;0;0,01;-0,06;0,0009999999;;
6p;GameObject (40);-0,6699;0,003;-0,76;0;0;0;1;1;1;;
6p;p2p1ta;-0,6699007;0,003000052;-0,7600014;-2,641225E-07;270;-8,678317E-07;1;1;1;;
6p;Body1;-0,6698999;0,002999981;-0,760002;270;270;0;0,1;0,1;0,1;;
6p;Body1.001;-0,6698999;0,002999981;-0,760002;270;270;0;0,1;0,1;0,1;;
6p;Body2;-0,6698999;0,002999981;-0,760002;270;270;0;0,1;0,1;0,1;;
6p;Body3;-0,6698999;0,002999981;-0,760002;270;270;0;0,1;0,1;0,1;;
6p;p2p1ta (1);-0,6699001;0,002999999;-0,7860005;-2,641225E-07;270;-8,678317E-07;1;1;1;r;
6p;Body1;-0,6699001;0,002999999;-0,7860005;270;270;0;0,1;0,1;0,1;;
6p;Body1.001;-0,6699001;0,002999999;-0,7860005;270;270;0;0,1;0,1;0,1;;
6p;Body2;-0,6699001;0,002999999;-0,7860005;270;270;0;0,1;0,1;0,1;;
6p;Body3;-0,6699001;0,002999999;-0,7860005;270;270;0;0,1;0,1;0,1;;
6p;GameObject (74);-0,6873985;0,002999915;-0,7430013;270;7,244507E-05;0;10;-60;2;;
6p;label;-0,6923991;0,003500004;-0,7730001;270;8,21044E-05;0;0,01;-0,06;0,0009999999;;
6p;GameObject (41);-0,7187;0,003;-0,638;0;0;0;1;1;1;;
6p;p2p1ta;-0,7186998;0,002999963;-0,6380007;-2,641225E-07;270;-8,678317E-07;1;1;1;;
6p;Body1;-0,718699;0,002999892;-0,6380012;270;270;0;0,1;0,1;0,1;;
6p;Body1.001;-0,718699;0,002999892;-0,6380012;270;270;0;0,1;0,1;0,1;;
6p;Body2;-0,718699;0,002999892;-0,6380012;270;270;0;0,1;0,1;0,1;;
6p;Body3;-0,718699;0,002999892;-0,6380012;270;270;0;0,1;0,1;0,1;;
6p;p2p1ta (1);-0,7186994;0,002999924;-0,6640019;-2,641225E-07;270;-8,678317E-07;1;1;1;r;
6p;Body1;-0,7186994;0,002999924;-0,6640019;270;270;0;0,1;0,1;0,1;;
6p;Body1.001;-0,7186994;0,002999924;-0,6640019;270;270;0;0,1;0,1;0,1;;
6p;Body2;-0,7186994;0,002999924;-0,6640019;270;270;0;0,1;0,1;0,1;;
6p;Body3;-0,7186994;0,002999924;-0,6640019;270;270;0;0,1;0,1;0,1;;
6p;GameObject (42);-0,7187;0,003;-0,82;0;0;0;1;1;1;;
6p;p2p1ta;-0,7186999;0,002999974;-0,82;-2,641225E-07;270;-8,678317E-07;1;1;1;;
6p;Body1;-0,7186999;0,002999974;-0,82;270;270;0;0,1;0,1;0,1;;
6p;Body1.001;-0,7186999;0,002999974;-0,82;270;270;0;0,1;0,1;0,1;;
6p;Body2;-0,7186999;0,002999974;-0,82;270;270;0;0,1;0,1;0,1;;
6p;Body3;-0,7186999;0,002999974;-0,82;270;270;0;0,1;0,1;0,1;;
6p;p2p1ta (1);-0,7187005;0,003000026;-0,8460012;-2,641225E-07;270;-8,678317E-07;1;1;1;r;
6p;Body1;-0,7187005;0,003000026;-0,8460012;270;270;0;0,1;0,1;0,1;;
6p;Body1.001;-0,7187005;0,003000026;-0,8460012;270;270;0;0,1;0,1;0,1;;
6p;Body2;-0,7187005;0,003000026;-0,8460012;270;270;0;0,1;0,1;0,1;;
6p;Body3;-0,7187005;0,003000026;-0,8460012;270;270;0;0,1;0,1;0,1;;
6p;GameObject (74);-0,7361994;0,002999994;-0,803001;270;7,244507E-05;0;10;-60;2;;
6p;label;-0,7411995;0,003500028;-0,8330024;270;8,21044E-05;0;0,01;-0,06;0,0009999999;;
6p;GameObject (43);-0,7187;0,003;-0,699;0;0;0;1;1;1;;
6p;p2p1ta;-0,7187005;0,003000017;-0,6990002;-2,641225E-07;270;-8,678317E-07;1;1;1;;
6p;Body1;-0,7187005;0,003000017;-0,6990002;270;270;0;0,1;0,1;0,1;;
6p;Body1.001;-0,7187005;0,003000017;-0,6990002;270;270;0;0,1;0,1;0,1;;
6p;Body2;-0,7187005;0,003000017;-0,6990002;270;270;0;0,1;0,1;0,1;;
6p;Body3;-0,7187005;0,003000017;-0,6990002;270;270;0;0,1;0,1;0,1;;
6p;p2p1ta (1);-0,7186995;0,002999939;-0,7250006;-2,641225E-07;270;-8,678317E-07;1;1;1;r;
6p;Body1;-0,7186995;0,002999939;-0,7250006;270;270;0;0,1;0,1;0,1;;
6p;Body1.001;-0,7186995;0,002999939;-0,7250006;270;270;0;0,1;0,1;0,1;;
6p;Body2;-0,7186995;0,002999939;-0,7250006;270;270;0;0,1;0,1;0,1;;
6p;Body3;-0,7186995;0,002999939;-0,7250006;270;270;0;0,1;0,1;0,1;;
6p;GameObject (74);-0,7361994;0,002999989;-0,6820021;270;7,244507E-05;0;10;-60;2;;
6p;label;-0,7411992;0,003500005;-0,7120031;270;8,21044E-05;0;0,01;-0,06;0,0009999999;;
6p;GameObject (44);-0,7187;0,003;-0,76;0;0;0;1;1;1;;
6p;p2p1ta;-0,7186998;0,002999961;-0,7599995;-2,641225E-07;270;-8,678317E-07;1;1;1;;
6p;Body1;-0,7186998;0,002999961;-0,7599995;270;270;0;0,1;0,1;0,1;;
6p;Body1.001;-0,7186998;0,002999961;-0,7599995;270;270;0;0,1;0,1;0,1;;
6p;Body2;-0,7186998;0,002999961;-0,7599995;270;270;0;0,1;0,1;0,1;;
6p;Body3;-0,7186998;0,002999961;-0,7599995;270;270;0;0,1;0,1;0,1;;
6p;p2p1ta (1);-0,7186993;0,002999916;-0,7860024;-2,641225E-07;270;-8,678317E-07;1;1;1;r;
6p;Body1;-0,7186993;0,002999916;-0,7860024;270;270;0;0,1;0,1;0,1;;
6p;Body1.001;-0,7186993;0,002999916;-0,7860024;270;270;0;0,1;0,1;0,1;;
6p;Body2;-0,7186993;0,002999916;-0,7860024;270;270;0;0,1;0,1;0,1;;
6p;Body3;-0,7186993;0,002999916;-0,7860024;270;270;0;0,1;0,1;0,1;;
6p;GameObject (74);-0,7361995;0,003000004;-0,7430009;270;7,244507E-05;0;10;-60;2;;
6p;label;-0,7412009;0,003500156;-0,7730008;270;8,21044E-05;0;0,01;-0,06;0,0009999999;;
6p;GameObject (45);-0,7675;0,003;-0,76;0;0;0;1;1;1;;
6p;p2p1ta;-0,7674997;0,00300001;-0,7600008;-2,641225E-07;270;-8,678317E-07;1;1;1;;
6p;Body1;-0,7674992;0,002999961;-0,7600017;270;270;0;0,1;0,1;0,1;;
6p;Body1.001;-0,7674992;0,002999961;-0,7600017;270;270;0;0,1;0,1;0,1;;
6p;Body2;-0,7674992;0,002999961;-0,7600017;270;270;0;0,1;0,1;0,1;;
6p;Body3;-0,7674992;0,002999961;-0,7600017;270;270;0;0,1;0,1;0,1;;
6p;p2p1ta (1);-0,7675009;0,003000112;-0,786001;-2,641225E-07;270;-8,678317E-07;1;1;1;r;
6p;Body1;-0,7675006;0,003000086;-0,7860023;270;270;0;0,1;0,1;0,1;;
6p;Body1.001;-0,7675006;0,003000086;-0,7860023;270;270;0;0,1;0,1;0,1;;
6p;Body2;-0,7675006;0,003000086;-0,7860023;270;270;0;0,1;0,1;0,1;;
6p;Body3;-0,7675006;0,003000086;-0,7860023;270;270;0;0,1;0,1;0,1;;
6p;GameObject (74);-0,7849995;0,002999999;-0,7430005;270;7,244507E-05;0;10;-60;2;;
6p;label;-0,79;0,003500059;-0,7730005;270;8,21044E-05;0;0,01;-0,06;0,0009999999;;
6p;GameObject (46);-0,7675;0,003;-0,638;0;0;0;1;1;1;;
6p;p2p1ta;-0,7674998;0,003000017;-0,6380002;-2,641225E-07;270;-8,678317E-07;1;1;1;;
6p;Body1;-0,7674998;0,003000017;-0,6380002;270;270;0;0,1;0,1;0,1;;
6p;Body1.001;-0,7674998;0,003000017;-0,6380002;270;270;0;0,1;0,1;0,1;;
6p;Body2;-0,7674998;0,003000017;-0,6380002;270;270;0;0,1;0,1;0,1;;
6p;Body3;-0,7674998;0,003000017;-0,6380002;270;270;0;0,1;0,1;0,1;;
6p;p2p1ta (1);-0,7675002;0,003000051;-0,664001;-2,641225E-07;270;-8,678317E-07;1;1;1;r;
6p;Body1;-0,7674999;0,003000025;-0,6640023;270;270;0;0,1;0,1;0,1;;
6p;Body1.001;-0,7674999;0,003000025;-0,6640023;270;270;0;0,1;0,1;0,1;;
6p;Body2;-0,7674999;0,003000025;-0,6640023;270;270;0;0,1;0,1;0,1;;
6p;Body3;-0,7674999;0,003000025;-0,6640023;270;270;0;0,1;0,1;0,1;;
6p;GameObject (47);-0,7675;0,003;-0,699;0;0;0;1;1;1;;
6p;p2p1ta;-0,7674999;0,003000025;-0,6990007;-2,641225E-07;270;-8,678317E-07;1;1;1;;
6p;Body1;-0,7674999;0,003000025;-0,6990007;270;270;0;0,1;0,1;0,1;;
6p;Body1.001;-0,7674999;0,003000025;-0,6990007;270;270;0;0,1;0,1;0,1;;
6p;Body2;-0,7674999;0,003000025;-0,6990007;270;270;0;0,1;0,1;0,1;;
6p;Body3;-0,7674999;0,003000025;-0,6990007;270;270;0;0,1;0,1;0,1;;
6p;p2p1ta (1);-0,7675;0,003000034;-0,725001;-2,641225E-07;270;-8,678317E-07;1;1;1;r;
6p;Body1;-0,7674992;0,002999963;-0,7250015;270;270;0;0,1;0,1;0,1;;
6p;Body1.001;-0,7674992;0,002999963;-0,7250015;270;270;0;0,1;0,1;0,1;;
6p;Body2;-0,7674992;0,002999963;-0,7250015;270;270;0;0,1;0,1;0,1;;
6p;Body3;-0,7674992;0,002999963;-0,7250015;270;270;0;0,1;0,1;0,1;;
6p;GameObject (74);-0,7850003;0,003000055;-0,6820012;270;7,244507E-05;0;10;-60;2;;
6p;label;-0,7900001;0,003500074;-0,7120005;270;8,21044E-05;0;0,01;-0,06;0,0009999999;;
6p;GameObject (48);-0,7675;0,003;-0,82;0;0;0;1;1;1;;
6p;p2p1ta;-0,7674996;0,003000004;-0,8200009;-2,641225E-07;270;-8,678317E-07;1;1;1;;
6p;Body1;-0,7674996;0,003000004;-0,8200009;270;270;0;0,1;0,1;0,1;;
6p;Body1.001;-0,7674996;0,003000004;-0,8200009;270;270;0;0,1;0,1;0,1;;
6p;Body2;-0,7674996;0,003000004;-0,8200009;270;270;0;0,1;0,1;0,1;;
6p;Body3;-0,7674996;0,003000004;-0,8200009;270;270;0;0,1;0,1;0,1;;
6p;p2p1ta (1);-0,7675005;0,003000081;-0,8460008;-2,641225E-07;270;-8,678317E-07;1;1;1;r;
6p;Body1;-0,7675005;0,003000081;-0,8460008;270;270;0;0,1;0,1;0,1;;
6p;Body1.001;-0,7675005;0,003000081;-0,8460008;270;270;0;0,1;0,1;0,1;;
6p;Body2;-0,7675005;0,003000081;-0,8460008;270;270;0;0,1;0,1;0,1;;
6p;Body3;-0,7675005;0,003000081;-0,8460008;270;270;0;0,1;0,1;0,1;;
6p;GameObject (74);-0,7849991;0,002999963;-0,8030019;270;7,244507E-05;0;10;-60;2;;
6p;label;-0,7899987;0,003499953;-0,8330025;270;8,21044E-05;0;0,01;-0,06;0,0009999999;;
6p;GameObject (74);-0,54;0,0025;-0,6315;270;2,897803E-05;0;11;-40;2;;
6p;label;-0,5455;0,003000012;-0,6515006;270;3,38077E-05;0;0,011;-0,04;0,001;;
6p;GameObject (75);-0,7352;0,003;-0,631;270;2,897803E-05;0;11;-40;2;;
6p;label;-0,7407001;0,003500009;-0,6509998;270;3,38077E-05;0;0,011;-0,04;0,001;;
6p;GameObject (77);-0,784;0,003;-0,631;270;2,897803E-05;0;11;-40;2;;
6p;label;-0,7895001;0,003500005;-0,6509994;270;3,38077E-05;0;0,011;-0,04;0,001;;
6p;mk6_lra;-0,086;0;-0,524;-3,773175E-07;270,0001;-9,810274E-07;1;1;1;;
6p;mk_base;-0,08599973;-2,700835E-08;-0,5240009;3,395874E-07;270,0001;-1,471541E-06;0,0009999999;0,001;0,0009999998;;
6p;Body1;-0,08599973;-2,700835E-08;-0,5240009;270;270,0001;0;0,1;0,09999997;0,09999998;;
6p;Body2;-0,08599973;-2,700835E-08;-0,5240009;270;270,0001;0;0,1;0,09999997;0,09999998;;
6p;Body3;-0,08599973;-2,700835E-08;-0,5240009;270;270,0001;0;0,1;0,09999997;0,09999998;;
6p;Body4;-0,08599973;-2,700835E-08;-0,5240009;270;270,0001;0;0,1;0,09999997;0,09999998;;
6p;Body5;-0,08599973;-2,700835E-08;-0,5240009;270;270,0001;0;0,1;0,09999997;0,09999998;;
6p;Plane;-0,1060004;0,00610004;-0,5440007;3,395874E-07;270,0001;-1,471541E-06;0,004;1;0,003999999;;
6p;GameObject;-0,1059988;0,005999921;-0,5440003;3,395874E-07;270,0001;-1,471541E-06;0,9999998;1;0,9999998;;
6p;mk6_handle;-0,1059992;0,005999949;-0,5439991;1,494104E-06;4,781133E-05;3,201657E-07;0,0009999997;0,001;0,0009999997;;
6p;Body4;-0,1059984;0,005999878;-0,5439996;270;4,829673E-05;0;0,09999996;0,09999996;0,09999998;;
6p;Body4.001;-0,1059984;0,005999878;-0,5439996;270;4,829673E-05;0;0,09999996;0,09999996;0,09999998;;
6p;mk11;-0,086;0;-0,59475;1,131951E-07;269,9999;-6,037091E-07;1;1;1;;
6p;mk_base;-0,0860001;7,450581E-09;-0,5947496;-1,509279E-07;269,9999;-1,056491E-06;0,001;0,001;0,0009999999;;
6p;Body1;-0,0860001;7,450581E-09;-0,5947496;270;269,9999;0;0,1;0,09999999;0,09999999;;
6p;Body2;-0,0860001;7,450581E-09;-0,5947496;270;269,9999;0;0,1;0,09999999;0,09999999;;
6p;Body3;-0,0860001;7,450581E-09;-0,5947496;270;269,9999;0;0,1;0,09999999;0,09999999;;
6p;Body4;-0,0860001;7,450581E-09;-0,5947496;270;269,9999;0;0,1;0,09999999;0,09999999;;
6p;Body5;-0,0860001;7,450581E-09;-0,5947496;270;269,9999;0;0,1;0,09999999;0,09999999;;
6p;mk11_handle;-0,1059992;0,005999954;-0,6147491;270;269,9999;0;0,1;0,1;0,09999999;;
6p;mk11 (1);-0,086;0;-0,73625;1,131951E-07;269,9999;-6,037091E-07;1;1;1;;
6p;mk_base;-0,08599967;-2,980232E-08;-0,7362506;-1,509279E-07;269,9999;-1,056491E-06;0,001;0,001;0,0009999999;;
6p;Body1;-0,08600017;1,490116E-08;-0,7362515;270;269,9999;0;0,1;0,09999999;0,09999999;;
6p;Body2;-0,08600017;1,490116E-08;-0,7362515;270;269,9999;0;0,1;0,09999999;0,09999999;;
6p;Body3;-0,08600017;1,490116E-08;-0,7362515;270;269,9999;0;0,1;0,09999999;0,09999999;;
6p;Body4;-0,08600017;1,490116E-08;-0,7362515;270;269,9999;0;0,1;0,09999999;0,09999999;;
6p;Body5;-0,08600017;1,490116E-08;-0,7362515;270;269,9999;0;0,1;0,09999999;0,09999999;;
6p;mk11_handle;-0,1059996;0,00599998;-0,7562513;270;269,9999;0;0,1;0,1;0,09999999;;
6p;mk12_2pos;-0,086;0;-0,6655;2,641215E-07;269,9998;-6,414414E-07;1;1;1;;
6p;mk_base;-0,08600017;1,303852E-08;-0,6654997;-3,773303E-08;269,9998;-6,414407E-07;0,001;0,001;0,0009999998;;
6p;Body1;-0,08600017;1,303852E-08;-0,6654997;270;269,9998;0;0,1000001;0,09999999;0,09999999;;
6p;Body2;-0,08600017;1,303852E-08;-0,6654997;270;269,9998;0;0,1000001;0,09999999;0,09999999;;
6p;Body3;-0,08600017;1,303852E-08;-0,6654997;270;269,9998;0;0,1000001;0,09999999;0,09999999;;
6p;Body4;-0,08600017;1,303852E-08;-0,6654997;270;269,9998;0;0,1000001;0,09999999;0,09999999;;
6p;Body5;-0,08600017;1,303852E-08;-0,6654997;270;269,9998;0;0,1000001;0,09999999;0,09999999;;
6p;mk12_handle;-0,1059981;0,005999861;-0,685501;-3,773303E-08;269,9998;-6,414407E-07;0,001;0,001;0,0009999998;;
6p;Body1;-0,1059981;0,005999861;-0,685501;270;269,9998;0;0,1000001;0,09999999;0,09999999;;
6p;Body3;-0,1059981;0,005999861;-0,685501;270;269,9998;0;0,1000001;0,09999999;0,09999999;;
6p;mk12_2pos (1);-0,086;0;-0,807;2,641215E-07;269,9998;-6,414414E-07;1;1;1;;
6p;mk_base;-0,08599979;-1,862645E-08;-0,806999;-3,773303E-08;269,9998;-6,414407E-07;0,001;0,001;0,0009999998;;
6p;Body1;-0,08599979;-1,862645E-08;-0,806999;270;269,9998;0;0,1000001;0,09999999;0,09999999;;
6p;Body2;-0,08599979;-1,862645E-08;-0,806999;270;269,9998;0;0,1000001;0,09999999;0,09999999;;
6p;Body3;-0,08599979;-1,862645E-08;-0,806999;270;269,9998;0;0,1000001;0,09999999;0,09999999;;
6p;Body4;-0,08599979;-1,862645E-08;-0,806999;270;269,9998;0;0,1000001;0,09999999;0,09999999;;
6p;Body5;-0,08599979;-1,862645E-08;-0,806999;270;269,9998;0;0,1000001;0,09999999;0,09999999;;
6p;mk12_handle;-0,1059994;0,005999966;-0,827001;-3,773303E-08;269,9998;-6,414407E-07;0,001;0,001;0,0009999998;;
6p;Body1;-0,1059994;0,005999966;-0,827001;270;269,9998;0;0,1000001;0,09999999;0,09999999;;
6p;Body3;-0,1059994;0,005999966;-0,827001;270;269,9998;0;0,1000001;0,09999999;0,09999999;;
