p6;ksp2_1;-0,746;-1,337;0;0;0;0;1;1;1;;
p6;Body2;-0,7460001;-1,337;9,313226E-08;270;89,99994;0;0,1;0,1;0,1;;
p6;Body4;-0,7460001;-1,337;9,313226E-08;270;89,99994;0;0,1;0,1;0,1;;
p6;Body5;-0,7460001;-1,337;9,313226E-08;270;89,99994;0;0,1;0,1;0,1;;
p6;Body23;-0,7460001;-1,337;9,313226E-08;270;89,99994;0;0,1;0,1;0,1;;
p6;Body24;-0,7460001;-1,337;9,313226E-08;270;89,99994;0;0,1;0,1;0,1;;
p6;Body25;-0,7460001;-1,337;9,313226E-08;270;89,99994;0;0,1;0,1;0,1;;
p6;Body26;-0,7460001;-1,337;9,313226E-08;270;89,99994;0;0,1;0,1;0,1;;
p6;Body27;-0,7460001;-1,337;9,313226E-08;270;89,99994;0;0,1;0,1;0,1;;
p6;Body28;-0,7460001;-1,337;9,313226E-08;270;89,99994;0;0,1;0,1;0,1;;
p6;Body29;-0,7460001;-1,337;9,313226E-08;270;89,99994;0;0,1;0,1;0,1;;
p6;Body30;-0,7460001;-1,337;9,313226E-08;270;89,99994;0;0,1;0,1;0,1;;
p6;Body31;-0,7460001;-1,337;9,313226E-08;270;89,99994;0;0,1;0,1;0,1;;
p6;Body32;-0,7460001;-1,337;9,313226E-08;270;89,99994;0;0,1;0,1;0,1;;
p6;Body33;-0,7460001;-1,337;9,313226E-08;270;89,99994;0;0,1;0,1;0,1;;
p6;Body35;-0,7460001;-1,337;9,313226E-08;270;89,99994;0;0,1;0,1;0,1;;
p6;Body36;-0,7460001;-1,337;9,313226E-08;270;89,99994;0;0,1;0,1;0,1;;
p6;Body39;-0,7460001;-1,337;9,313226E-08;270;89,99994;0;0,1;0,1;0,1;;
p6;Body42;-0,7460001;-1,337;9,313226E-08;270;89,99994;0;0,1;0,1;0,1;;
p6;ksp2_1 (1);-0,436;-1,699;0;0;0;0;1;1;1;;
p6;Body2;-0,4359997;-1,699;3,539026E-07;270;89,99994;0;0,1;0,1;0,1;;
p6;Body4;-0,4359997;-1,699;3,539026E-07;270;89,99994;0;0,1;0,1;0,1;;
p6;Body5;-0,4359997;-1,699;3,539026E-07;270;89,99994;0;0,1;0,1;0,1;;
p6;Body23;-0,4359997;-1,699;3,539026E-07;270;89,99994;0;0,1;0,1;0,1;;
p6;Body24;-0,4359997;-1,699;3,539026E-07;270;89,99994;0;0,1;0,1;0,1;;
p6;Body25;-0,4359997;-1,699;3,539026E-07;270;89,99994;0;0,1;0,1;0,1;;
p6;Body26;-0,4359997;-1,699;3,539026E-07;270;89,99994;0;0,1;0,1;0,1;;
p6;Body27;-0,4359997;-1,699;3,539026E-07;270;89,99994;0;0,1;0,1;0,1;;
p6;Body28;-0,4359997;-1,699;3,539026E-07;270;89,99994;0;0,1;0,1;0,1;;
p6;Body29;-0,4359997;-1,699;3,539026E-07;270;89,99994;0;0,1;0,1;0,1;;
p6;Body30;-0,4359997;-1,699;3,539026E-07;270;89,99994;0;0,1;0,1;0,1;;
p6;Body31;-0,4359997;-1,699;3,539026E-07;270;89,99994;0;0,1;0,1;0,1;;
p6;Body32;-0,4359997;-1,699;3,539026E-07;270;89,99994;0;0,1;0,1;0,1;;
p6;Body33;-0,4359997;-1,699;3,539026E-07;270;89,99994;0;0,1;0,1;0,1;;
p6;Body35;-0,4359997;-1,699;3,539026E-07;270;89,99994;0;0,1;0,1;0,1;;
p6;Body36;-0,4359997;-1,699;3,539026E-07;270;89,99994;0;0,1;0,1;0,1;;
p6;Body39;-0,4359997;-1,699;3,539026E-07;270;89,99994;0;0,1;0,1;0,1;;
p6;Body42;-0,4359997;-1,699;3,539026E-07;270;89,99994;0;0,1;0,1;0,1;;
p6;GameObject;-0,408;-0,045;0;0;0;0;1;1;1;;
p6;defind v1;-0,4079999;-0,04500008;3,511086E-07;0;0;0;1;1;1;r;
p6;Body1;-0,4079999;-0,04500008;3,511086E-07;270;90,00005;0;0,09999999;0,1;0,09999999;;
p6;Body1 (1);-0,4155;-0,04490042;0,001500276;270;90,00005;0;0,07701899;0,077019;0,1004877;;
p6;defind v1;-0,4079999;-0,0822506;3,511086E-07;0;0;0;1;1;1;;
p6;Body1;-0,4079999;-0,0822506;3,511086E-07;270;90,00005;0;0,09999999;0,1;0,09999999;;
p6;Body1 (1);-0,4155;-0,0821507;0,001500276;270;90,00005;0;0,07701899;0,077019;0,1004877;;
p6;defind v1;-0,4079999;-0,1195006;3,511086E-07;0;0;0;1;1;1;;
p6;Body1;-0,4079999;-0,1195006;3,511086E-07;270;90,00005;0;0,09999999;0,1;0,09999999;;
p6;Body1 (1);-0,4155;-0,1194007;0,001500276;270;90,00005;0;0,07701899;0,077019;0,1004877;;
p6;defind v1;-0,4079999;-0,1567507;3,511086E-07;0;0;0;1;1;1;g;
p6;Body1;-0,4079999;-0,1567507;3,511086E-07;270;90,00005;0;0,09999999;0,1;0,09999999;;
p6;Body1 (1);-0,4155;-0,1566508;0,001500276;270;90,00005;0;0,07701899;0,077019;0,1004877;;
p6;defind v1;-0,4079999;-0,1940007;3,511086E-07;0;0;0;1;1;1;;
p6;Body1;-0,4079999;-0,1940007;3,511086E-07;270;90,00005;0;0,09999999;0,1;0,09999999;;
p6;Body1 (1);-0,4155;-0,1939008;0,001500276;270;90,00005;0;0,07701899;0,077019;0,1004877;;
p6;defind v1;-0,4796666;-0,04500008;3,073364E-07;0;0;0;1;1;1;r;
p6;Body1;-0,4796666;-0,04500008;3,073364E-07;270;90,00005;0;0,09999999;0,1;0,09999999;;
p6;Body1 (1);-0,4871667;-0,04490042;0,00150023;270;90,00005;0;0,07701899;0,077019;0,1004877;;
p6;defind v1;-0,4796666;-0,0822506;3,073364E-07;0;0;0;1;1;1;;
p6;Body1;-0,4796666;-0,0822506;3,073364E-07;270;90,00005;0;0,09999999;0,1;0,09999999;;
p6;Body1 (1);-0,4871667;-0,0821507;0,00150023;270;90,00005;0;0,07701899;0,077019;0,1004877;;
p6;defind v1;-0,4796666;-0,1195006;3,073364E-07;0;0;0;1;1;1;;
p6;Body1;-0,4796666;-0,1195006;3,073364E-07;270;90,00005;0;0,09999999;0,1;0,09999999;;
p6;Body1 (1);-0,4871667;-0,1194007;0,00150023;270;90,00005;0;0,07701899;0,077019;0,1004877;;
p6;defind v1;-0,4796666;-0,1567507;3,073364E-07;0;0;0;1;1;1;;
p6;Body1;-0,4796666;-0,1567507;3,073364E-07;270;90,00005;0;0,09999999;0,1;0,09999999;;
p6;Body1 (1);-0,4871667;-0,1566508;0,00150023;270;90,00005;0;0,07701899;0,077019;0,1004877;;
p6;defind v1;-0,4796666;-0,1940007;3,073364E-07;0;0;0;1;1;1;;
p6;Body1;-0,4796666;-0,1940007;3,073364E-07;270;90,00005;0;0,09999999;0,1;0,09999999;;
p6;Body1 (1);-0,4871667;-0,1939008;0,00150023;270;90,00005;0;0,07701899;0,077019;0,1004877;;
p6;defind v1;-0,5513328;-0,04500008;4,544854E-07;0;0;0;1;1;1;r;
p6;Body1;-0,551333;-0,04500008;8,92207E-07;270;90,00005;0;0,09999999;0,1;0,09999999;;
p6;Body1 (1);-0,5588328;-0,04490042;0,001500146;270;90,00005;0;0,07701899;0,077019;0,1004877;;
p6;defind v1;-0,5513328;-0,0822506;4,544854E-07;0;0;0;1;1;1;;
p6;Body1;-0,551333;-0,0822506;8,92207E-07;270;90,00005;0;0,09999999;0,1;0,09999999;;
p6;Body1 (1);-0,5588328;-0,0821507;0,001500146;270;90,00005;0;0,07701899;0,077019;0,1004877;;
p6;defind v1;-0,5513328;-0,1195006;4,544854E-07;0;0;0;1;1;1;r;
p6;Body1;-0,551333;-0,1195006;8,92207E-07;270;90,00005;0;0,09999999;0,1;0,09999999;;
p6;Body1 (1);-0,5588328;-0,1194007;0,001500146;270;90,00005;0;0,07701899;0,077019;0,1004877;;
p6;defind v1;-0,5513328;-0,1567507;4,544854E-07;0;0;0;1;1;1;y;
p6;Body1;-0,551333;-0,1567507;8,92207E-07;270;90,00005;0;0,09999999;0,1;0,09999999;;
p6;Body1 (1);-0,5588328;-0,1566508;0,001500146;270;90,00005;0;0,07701899;0,077019;0,1004877;;
p6;defind v1;-0,5513328;-0,1940007;4,544854E-07;0;0;0;1;1;1;g;
p6;Body1;-0,551333;-0,1940007;8,92207E-07;270;90,00005;0;0,09999999;0,1;0,09999999;;
p6;Body1 (1);-0,5588328;-0,1939008;0,001500146;270;90,00005;0;0,07701899;0,077019;0,1004877;;
p6;defind v1;-0,6229998;-0,04500008;-1,862645E-09;0;0;0;1;1;1;;
p6;Body1;-0,6229998;-0,04500008;-1,862645E-09;270;90,00005;0;0,09999999;0,1;0,09999999;;
p6;Body1 (1);-0,6305002;-0,04490042;0,001499509;270;90,00005;0;0,07701899;0,077019;0,1004877;;
p6;defind v1;-0,6229998;-0,0822506;-1,862645E-09;0;0;0;1;1;1;;
p6;Body1;-0,6229998;-0,0822506;-1,862645E-09;270;90,00005;0;0,09999999;0,1;0,09999999;;
p6;Body1 (1);-0,6305002;-0,0821507;0,001499509;270;90,00005;0;0,07701899;0,077019;0,1004877;;
p6;defind v1;-0,6229998;-0,1195006;-1,862645E-09;0;0;0;1;1;1;r;
p6;Body1;-0,6229998;-0,1195006;-1,862645E-09;270;90,00005;0;0,09999999;0,1;0,09999999;;
p6;Body1 (1);-0,6305002;-0,1194007;0,001499509;270;90,00005;0;0,07701899;0,077019;0,1004877;;
p6;defind v1;-0,6229998;-0,1567507;-1,862645E-09;0;0;0;1;1;1;y;
p6;Body1;-0,6229998;-0,1567507;-1,862645E-09;270;90,00005;0;0,09999999;0,1;0,09999999;;
p6;Body1 (1);-0,6305002;-0,1566508;0,001499509;270;90,00005;0;0,07701899;0,077019;0,1004877;;
p6;defind v1;-0,6229998;-0,1940007;-1,862645E-09;0;0;0;1;1;1;g;
p6;Body1;-0,6229998;-0,1940007;-1,862645E-09;270;90,00005;0;0,09999999;0,1;0,09999999;;
p6;Body1 (1);-0,6305002;-0,1939008;0,001499509;270;90,00005;0;0,07701899;0,077019;0,1004877;;
p6;GameObject (1);-0,724;-0,045;0;0;0;0;1;1;1;;
p6;defind v1;-0,723999;-0,04500008;3,911555E-07;0;0;0;1;1;1;;
p6;Body1;-0,7239986;-0,04500008;7,897615E-07;270;90,00005;0;0,09999999;0,1;0,09999999;;
p6;Body1 (1);-0,7314982;-0,04490042;0,001500659;270;90,00005;0;0,07701899;0,077019;0,1004877;;
p6;defind v1;-0,723999;-0,0822506;3,911555E-07;0;0;0;1;1;1;y;
p6;Body1;-0,7239986;-0,0822506;7,897615E-07;270;90,00005;0;0,09999999;0,1;0,09999999;;
p6;Body1 (1);-0,7314982;-0,0821507;0,001500659;270;90,00005;0;0,07701899;0,077019;0,1004877;;
p6;defind v1;-0,723999;-0,1195006;3,911555E-07;0;0;0;1;1;1;y;
p6;Body1;-0,7239986;-0,1195006;7,897615E-07;270;90,00005;0;0,09999999;0,1;0,09999999;;
p6;Body1 (1);-0,7314982;-0,1194007;0,001500659;270;90,00005;0;0,07701899;0,077019;0,1004877;;
p6;defind v1;-0,723999;-0,1567507;3,911555E-07;0;0;0;1;1;1;y;
p6;Body1;-0,7239986;-0,1567507;7,897615E-07;270;90,00005;0;0,09999999;0,1;0,09999999;;
p6;Body1 (1);-0,7314982;-0,1566508;0,001500659;270;90,00005;0;0,07701899;0,077019;0,1004877;;
p6;defind v1;-0,723999;-0,1940007;3,911555E-07;0;0;0;1;1;1;y;
p6;Body1;-0,7239986;-0,1940007;7,897615E-07;270;90,00005;0;0,09999999;0,1;0,09999999;;
p6;Body1 (1);-0,7314982;-0,1939008;0,001500659;270;90,00005;0;0,07701899;0,077019;0,1004877;;
p6;defind v1;-0,7956665;-0,04500008;-5,587935E-08;0;0;0;1;1;1;;
p6;Body1;-0,7956665;-0,04500008;-5,587935E-08;270;90,00005;0;0,09999999;0,1;0,09999999;;
p6;Body1 (1);-0,803167;-0,04490042;0,001499675;270;90,00005;0;0,07701899;0,077019;0,1004877;;
p6;defind v1;-0,7956665;-0,0822506;-5,587935E-08;0;0;0;1;1;1;;
p6;Body1;-0,7956665;-0,0822506;-5,587935E-08;270;90,00005;0;0,09999999;0,1;0,09999999;;
p6;Body1 (1);-0,803167;-0,0821507;0,001499675;270;90,00005;0;0,07701899;0,077019;0,1004877;;
p6;defind v1;-0,7956665;-0,1195006;-5,587935E-08;0;0;0;1;1;1;;
p6;Body1;-0,7956665;-0,1195006;-5,587935E-08;270;90,00005;0;0,09999999;0,1;0,09999999;;
p6;Body1 (1);-0,803167;-0,1194007;0,001499675;270;90,00005;0;0,07701899;0,077019;0,1004877;;
p6;defind v1;-0,7956665;-0,1567507;-5,587935E-08;0;0;0;1;1;1;;
p6;Body1;-0,7956665;-0,1567507;-5,587935E-08;270;90,00005;0;0,09999999;0,1;0,09999999;;
p6;Body1 (1);-0,803167;-0,1566508;0,001499675;270;90,00005;0;0,07701899;0,077019;0,1004877;;
p6;defind v1;-0,7956665;-0,1940007;-5,587935E-08;0;0;0;1;1;1;;
p6;Body1;-0,7956665;-0,1940007;-5,587935E-08;270;90,00005;0;0,09999999;0,1;0,09999999;;
p6;Body1 (1);-0,803167;-0,1939008;0,001499675;270;90,00005;0;0,07701899;0,077019;0,1004877;;
p6;defind v1;-0,8673325;-0,04500008;7,394701E-07;0;0;0;1;1;1;;
p6;Body1;-0,8673325;-0,04500008;9,573996E-07;270;90,00005;0;0,09999999;0,1;0,09999999;;
p6;Body1 (1);-0,8748321;-0,04490042;0,001500826;270;90,00005;0;0,07701899;0,077019;0,1004877;;
p6;defind v1;-0,8673325;-0,0822506;7,394701E-07;0;0;0;1;1;1;;
p6;Body1;-0,8673325;-0,0822506;9,573996E-07;270;90,00005;0;0,09999999;0,1;0,09999999;;
p6;Body1 (1);-0,8748321;-0,0821507;0,001500826;270;90,00005;0;0,07701899;0,077019;0,1004877;;
p6;defind v1;-0,8673325;-0,1195006;7,394701E-07;0;0;0;1;1;1;y;
p6;Body1;-0,8673325;-0,1195006;9,573996E-07;270;90,00005;0;0,09999999;0,1;0,09999999;;
p6;Body1 (1);-0,8748321;-0,1194007;0,001500826;270;90,00005;0;0,07701899;0,077019;0,1004877;;
p6;defind v1;-0,8673325;-0,1567507;7,394701E-07;0;0;0;1;1;1;y;
p6;Body1;-0,8673325;-0,1567507;9,573996E-07;270;90,00005;0;0,09999999;0,1;0,09999999;;
p6;Body1 (1);-0,8748321;-0,1566508;0,001500826;270;90,00005;0;0,07701899;0,077019;0,1004877;;
p6;defind v1;-0,8673325;-0,1940007;7,394701E-07;0;0;0;1;1;1;y;
p6;Body1;-0,8673325;-0,1940007;9,573996E-07;270;90,00005;0;0,09999999;0,1;0,09999999;;
p6;Body1 (1);-0,8748321;-0,1939008;0,001500826;270;90,00005;0;0,07701899;0,077019;0,1004877;;
p6;defind v1;-0,9389988;-0,04500008;2,235174E-08;0;0;0;1;1;1;;
p6;Body1;-0,9389988;-0,04500008;2,235174E-08;270;90,00005;0;0,09999999;0,1;0,09999999;;
p6;Body1 (1);-0,9464985;-0,04490042;0,001500141;270;90,00005;0;0,07701899;0,077019;0,1004877;;
p6;defind v1;-0,9389988;-0,0822506;2,235174E-08;0;0;0;1;1;1;;
p6;Body1;-0,9389988;-0,0822506;2,235174E-08;270;90,00005;0;0,09999999;0,1;0,09999999;;
p6;Body1 (1);-0,9464985;-0,0821507;0,001500141;270;90,00005;0;0,07701899;0,077019;0,1004877;;
p6;defind v1;-0,9389988;-0,1195006;2,235174E-08;0;0;0;1;1;1;;
p6;Body1;-0,9389988;-0,1195006;2,235174E-08;270;90,00005;0;0,09999999;0,1;0,09999999;;
p6;Body1 (1);-0,9464985;-0,1194007;0,001500141;270;90,00005;0;0,07701899;0,077019;0,1004877;;
p6;defind v1;-0,9389988;-0,1567507;2,235174E-08;0;0;0;1;1;1;;
p6;Body1;-0,9389988;-0,1567507;2,235174E-08;270;90,00005;0;0,09999999;0,1;0,09999999;;
p6;Body1 (1);-0,9464985;-0,1566508;0,001500141;270;90,00005;0;0,07701899;0,077019;0,1004877;;
p6;defind v1;-0,9389988;-0,1940007;2,235174E-08;0;0;0;1;1;1;;
p6;Body1;-0,9389988;-0,1940007;2,235174E-08;270;90,00005;0;0,09999999;0,1;0,09999999;;
p6;Body1 (1);-0,9464985;-0,1939008;0,001500141;270;90,00005;0;0,07701899;0,077019;0,1004877;;
p6;GameObject (2);-0,724;-0,264;0;0;0;0;1;1;1;;
p6;defind v1;-0,723999;-0,2640004;3,911555E-07;0;0;0;1;1;1;;
p6;Body1;-0,7239986;-0,2640004;7,897615E-07;270;90,00005;0;0,09999999;0,1;0,09999999;;
p6;Body1 (1);-0,7314982;-0,2639005;0,001500659;270;90,00005;0;0,07701899;0,077019;0,1004877;;
p6;defind v1;-0,723999;-0,3012502;3,911555E-07;0;0;0;1;1;1;;
p6;Body1;-0,7239986;-0,3012502;7,897615E-07;270;90,00005;0;0,09999999;0,1;0,09999999;;
p6;Body1 (1);-0,7314982;-0,3011503;0,001500659;270;90,00005;0;0,07701899;0,077019;0,1004877;;
p6;defind v1;-0,723999;-0,3385003;3,911555E-07;0;0;0;1;1;1;;
p6;Body1;-0,7239986;-0,3385003;7,897615E-07;270;90,00005;0;0,09999999;0,1;0,09999999;;
p6;Body1 (1);-0,7314982;-0,3384004;0,001500659;270;90,00005;0;0,07701899;0,077019;0,1004877;;
p6;defind v1;-0,723999;-0,3757503;3,911555E-07;0;0;0;1;1;1;;
p6;Body1;-0,7239986;-0,3757503;7,897615E-07;270;90,00005;0;0,09999999;0,1;0,09999999;;
p6;Body1 (1);-0,7314982;-0,3756504;0,001500659;270;90,00005;0;0,07701899;0,077019;0,1004877;;
p6;defind v1;-0,723999;-0,4130003;3,911555E-07;0;0;0;1;1;1;;
p6;Body1;-0,7239986;-0,4130003;7,897615E-07;270;90,00005;0;0,09999999;0,1;0,09999999;;
p6;Body1 (1);-0,7314982;-0,4129004;0,001500659;270;90,00005;0;0,07701899;0,077019;0,1004877;;
p6;defind v1;-0,7956665;-0,2640004;-5,587935E-08;0;0;0;1;1;1;;
p6;Body1;-0,7956665;-0,2640004;-5,587935E-08;270;90,00005;0;0,09999999;0,1;0,09999999;;
p6;Body1 (1);-0,803167;-0,2639005;0,001499675;270;90,00005;0;0,07701899;0,077019;0,1004877;;
p6;defind v1;-0,7956665;-0,3012502;-5,587935E-08;0;0;0;1;1;1;;
p6;Body1;-0,7956665;-0,3012502;-5,587935E-08;270;90,00005;0;0,09999999;0,1;0,09999999;;
p6;Body1 (1);-0,803167;-0,3011503;0,001499675;270;90,00005;0;0,07701899;0,077019;0,1004877;;
p6;defind v1;-0,7956665;-0,3385003;-5,587935E-08;0;0;0;1;1;1;g;
p6;Body1;-0,7956665;-0,3385003;-5,587935E-08;270;90,00005;0;0,09999999;0,1;0,09999999;;
p6;Body1 (1);-0,803167;-0,3384004;0,001499675;270;90,00005;0;0,07701899;0,077019;0,1004877;;
p6;defind v1;-0,7956665;-0,3757503;-5,587935E-08;0;0;0;1;1;1;;
p6;Body1;-0,7956665;-0,3757503;-5,587935E-08;270;90,00005;0;0,09999999;0,1;0,09999999;;
p6;Body1 (1);-0,803167;-0,3756504;0,001499675;270;90,00005;0;0,07701899;0,077019;0,1004877;;
p6;defind v1;-0,7956665;-0,4130003;-5,587935E-08;0;0;0;1;1;1;;
p6;Body1;-0,7956665;-0,4130003;-5,587935E-08;270;90,00005;0;0,09999999;0,1;0,09999999;;
p6;Body1 (1);-0,803167;-0,4129004;0,001499675;270;90,00005;0;0,07701899;0,077019;0,1004877;;
p6;defind v1;-0,8673325;-0,2640004;7,394701E-07;0;0;0;1;1;1;;
p6;Body1;-0,8673325;-0,2640004;9,573996E-07;270;90,00005;0;0,09999999;0,1;0,09999999;;
p6;Body1 (1);-0,8748321;-0,2639005;0,001500826;270;90,00005;0;0,07701899;0,077019;0,1004877;;
p6;defind v1;-0,8673325;-0,3012502;7,394701E-07;0;0;0;1;1;1;;
p6;Body1;-0,8673325;-0,3012502;9,573996E-07;270;90,00005;0;0,09999999;0,1;0,09999999;;
p6;Body1 (1);-0,8748321;-0,3011503;0,001500826;270;90,00005;0;0,07701899;0,077019;0,1004877;;
p6;defind v1;-0,8673325;-0,3385003;7,394701E-07;0;0;0;1;1;1;;
p6;Body1;-0,8673325;-0,3385003;9,573996E-07;270;90,00005;0;0,09999999;0,1;0,09999999;;
p6;Body1 (1);-0,8748321;-0,3384004;0,001500826;270;90,00005;0;0,07701899;0,077019;0,1004877;;
p6;defind v1;-0,8673325;-0,3757503;7,394701E-07;0;0;0;1;1;1;;
p6;Body1;-0,8673325;-0,3757503;9,573996E-07;270;90,00005;0;0,09999999;0,1;0,09999999;;
p6;Body1 (1);-0,8748321;-0,3756504;0,001500826;270;90,00005;0;0,07701899;0,077019;0,1004877;;
p6;defind v1;-0,8673325;-0,4130003;7,394701E-07;0;0;0;1;1;1;;
p6;Body1;-0,8673325;-0,4130003;9,573996E-07;270;90,00005;0;0,09999999;0,1;0,09999999;;
p6;Body1 (1);-0,8748321;-0,4129004;0,001500826;270;90,00005;0;0,07701899;0,077019;0,1004877;;
p6;defind v1;-0,9389988;-0,2640004;2,235174E-08;0;0;0;1;1;1;;
p6;Body1;-0,9389988;-0,2640004;2,235174E-08;270;90,00005;0;0,09999999;0,1;0,09999999;;
p6;Body1 (1);-0,9464985;-0,2639005;0,001500141;270;90,00005;0;0,07701899;0,077019;0,1004877;;
p6;defind v1;-0,9389988;-0,3012502;2,235174E-08;0;0;0;1;1;1;;
p6;Body1;-0,9389988;-0,3012502;2,235174E-08;270;90,00005;0;0,09999999;0,1;0,09999999;;
p6;Body1 (1);-0,9464985;-0,3011503;0,001500141;270;90,00005;0;0,07701899;0,077019;0,1004877;;
p6;defind v1;-0,9389988;-0,3385003;2,235174E-08;0;0;0;1;1;1;;
p6;Body1;-0,9389988;-0,3385003;2,235174E-08;270;90,00005;0;0,09999999;0,1;0,09999999;;
p6;Body1 (1);-0,9464985;-0,3384004;0,001500141;270;90,00005;0;0,07701899;0,077019;0,1004877;;
p6;defind v1;-0,9389988;-0,3757503;2,235174E-08;0;0;0;1;1;1;;
p6;Body1;-0,9389988;-0,3757503;2,235174E-08;270;90,00005;0;0,09999999;0,1;0,09999999;;
p6;Body1 (1);-0,9464985;-0,3756504;0,001500141;270;90,00005;0;0,07701899;0,077019;0,1004877;;
p6;defind v1;-0,9389988;-0,4130003;2,235174E-08;0;0;0;1;1;1;;
p6;Body1;-0,9389988;-0,4130003;2,235174E-08;270;90,00005;0;0,09999999;0,1;0,09999999;;
p6;Body1 (1);-0,9464985;-0,4129004;0,001500141;270;90,00005;0;0,07701899;0,077019;0,1004877;;
p6;GameObject (3);-0,724;-0,483;0;0;0;0;1;1;1;;
p6;defind v1;-0,723999;-0,483;3,911555E-07;0;0;0;1;1;1;;
p6;Body1;-0,7239986;-0,483;7,897615E-07;270;90,00005;0;0,09999999;0,1;0,09999999;;
p6;Body1 (1);-0,7314982;-0,4829001;0,001500659;270;90,00005;0;0,07701899;0,077019;0,1004877;;
p6;defind v1;-0,723999;-0,5202503;3,911555E-07;0;0;0;1;1;1;;
p6;Body1;-0,7239986;-0,5202503;7,897615E-07;270;90,00005;0;0,09999999;0,1;0,09999999;;
p6;Body1 (1);-0,7314982;-0,5201502;0,001500659;270;90,00005;0;0,07701899;0,077019;0,1004877;;
p6;defind v1;-0,723999;-0,5575004;3,911555E-07;0;0;0;1;1;1;;
p6;Body1;-0,7239986;-0,5575004;7,897615E-07;270;90,00005;0;0,09999999;0,1;0,09999999;;
p6;Body1 (1);-0,7314982;-0,5574002;0,001500659;270;90,00005;0;0,07701899;0,077019;0,1004877;;
p6;defind v1;-0,723999;-0,5947504;3,911555E-07;0;0;0;1;1;1;;
p6;Body1;-0,7239986;-0,5947504;7,897615E-07;270;90,00005;0;0,09999999;0,1;0,09999999;;
p6;Body1 (1);-0,7314982;-0,5946507;0,001500659;270;90,00005;0;0,07701899;0,077019;0,1004877;;
p6;defind v1;-0,723999;-0,6320004;3,911555E-07;0;0;0;1;1;1;;
p6;Body1;-0,7239986;-0,6320004;7,897615E-07;270;90,00005;0;0,09999999;0,1;0,09999999;;
p6;Body1 (1);-0,7314982;-0,6319005;0,001500659;270;90,00005;0;0,07701899;0,077019;0,1004877;;
p6;defind v1;-0,7956665;-0,483;-5,587935E-08;0;0;0;1;1;1;;
p6;Body1;-0,7956665;-0,483;-5,587935E-08;270;90,00005;0;0,09999999;0,1;0,09999999;;
p6;Body1 (1);-0,803167;-0,4829001;0,001499675;270;90,00005;0;0,07701899;0,077019;0,1004877;;
p6;defind v1;-0,7956665;-0,5202503;-5,587935E-08;0;0;0;1;1;1;;
p6;Body1;-0,7956665;-0,5202503;-5,587935E-08;270;90,00005;0;0,09999999;0,1;0,09999999;;
p6;Body1 (1);-0,803167;-0,5201502;0,001499675;270;90,00005;0;0,07701899;0,077019;0,1004877;;
p6;defind v1;-0,7956665;-0,5575004;-5,587935E-08;0;0;0;1;1;1;;
p6;Body1;-0,7956665;-0,5575004;-5,587935E-08;270;90,00005;0;0,09999999;0,1;0,09999999;;
p6;Body1 (1);-0,803167;-0,5574002;0,001499675;270;90,00005;0;0,07701899;0,077019;0,1004877;;
p6;defind v1;-0,7956665;-0,5947504;-5,587935E-08;0;0;0;1;1;1;;
p6;Body1;-0,7956665;-0,5947504;-5,587935E-08;270;90,00005;0;0,09999999;0,1;0,09999999;;
p6;Body1 (1);-0,803167;-0,5946507;0,001499675;270;90,00005;0;0,07701899;0,077019;0,1004877;;
p6;defind v1;-0,7956665;-0,6320004;-5,587935E-08;0;0;0;1;1;1;;
p6;Body1;-0,7956665;-0,6320004;-5,587935E-08;270;90,00005;0;0,09999999;0,1;0,09999999;;
p6;Body1 (1);-0,803167;-0,6319005;0,001499675;270;90,00005;0;0,07701899;0,077019;0,1004877;;
p6;defind v1;-0,8673325;-0,483;7,394701E-07;0;0;0;1;1;1;;
p6;Body1;-0,8673325;-0,483;9,573996E-07;270;90,00005;0;0,09999999;0,1;0,09999999;;
p6;Body1 (1);-0,8748321;-0,4829001;0,001500826;270;90,00005;0;0,07701899;0,077019;0,1004877;;
p6;defind v1;-0,8673325;-0,5202503;7,394701E-07;0;0;0;1;1;1;;
p6;Body1;-0,8673325;-0,5202503;9,573996E-07;270;90,00005;0;0,09999999;0,1;0,09999999;;
p6;Body1 (1);-0,8748321;-0,5201502;0,001500826;270;90,00005;0;0,07701899;0,077019;0,1004877;;
p6;defind v1;-0,8673325;-0,5575004;7,394701E-07;0;0;0;1;1;1;;
p6;Body1;-0,8673325;-0,5575004;9,573996E-07;270;90,00005;0;0,09999999;0,1;0,09999999;;
p6;Body1 (1);-0,8748321;-0,5574002;0,001500826;270;90,00005;0;0,07701899;0,077019;0,1004877;;
p6;defind v1;-0,8673325;-0,5947504;7,394701E-07;0;0;0;1;1;1;;
p6;Body1;-0,8673325;-0,5947504;9,573996E-07;270;90,00005;0;0,09999999;0,1;0,09999999;;
p6;Body1 (1);-0,8748321;-0,5946507;0,001500826;270;90,00005;0;0,07701899;0,077019;0,1004877;;
p6;defind v1;-0,8673325;-0,6320004;7,394701E-07;0;0;0;1;1;1;;
p6;Body1;-0,8673325;-0,6320004;9,573996E-07;270;90,00005;0;0,09999999;0,1;0,09999999;;
p6;Body1 (1);-0,8748321;-0,6319005;0,001500826;270;90,00005;0;0,07701899;0,077019;0,1004877;;
p6;defind v1;-0,9389988;-0,483;2,235174E-08;0;0;0;1;1;1;;
p6;Body1;-0,9389988;-0,483;2,235174E-08;270;90,00005;0;0,09999999;0,1;0,09999999;;
p6;Body1 (1);-0,9464985;-0,4829001;0,001500141;270;90,00005;0;0,07701899;0,077019;0,1004877;;
p6;defind v1;-0,9389988;-0,5202503;2,235174E-08;0;0;0;1;1;1;;
p6;Body1;-0,9389988;-0,5202503;2,235174E-08;270;90,00005;0;0,09999999;0,1;0,09999999;;
p6;Body1 (1);-0,9464985;-0,5201502;0,001500141;270;90,00005;0;0,07701899;0,077019;0,1004877;;
p6;defind v1;-0,9389988;-0,5575004;2,235174E-08;0;0;0;1;1;1;;
p6;Body1;-0,9389988;-0,5575004;2,235174E-08;270;90,00005;0;0,09999999;0,1;0,09999999;;
p6;Body1 (1);-0,9464985;-0,5574002;0,001500141;270;90,00005;0;0,07701899;0,077019;0,1004877;;
p6;defind v1;-0,9389988;-0,5947504;2,235174E-08;0;0;0;1;1;1;;
p6;Body1;-0,9389988;-0,5947504;2,235174E-08;270;90,00005;0;0,09999999;0,1;0,09999999;;
p6;Body1 (1);-0,9464985;-0,5946507;0,001500141;270;90,00005;0;0,07701899;0,077019;0,1004877;;
p6;defind v1;-0,9389988;-0,6320004;2,235174E-08;0;0;0;1;1;1;;
p6;Body1;-0,9389988;-0,6320004;2,235174E-08;270;90,00005;0;0,09999999;0,1;0,09999999;;
p6;Body1 (1);-0,9464985;-0,6319005;0,001500141;270;90,00005;0;0,07701899;0,077019;0,1004877;;
p6;GameObject (4);-0,724;-0,702;0;0;0;0;1;1;1;;
p6;defind v1;-0,723999;-0,7020001;3,911555E-07;0;0;0;1;1;1;;
p6;Body1;-0,7239986;-0,7020001;7,897615E-07;270;90,00005;0;0,09999999;0,1;0,09999999;;
p6;Body1 (1);-0,7314982;-0,7019002;0,001500659;270;90,00005;0;0,07701899;0,077019;0,1004877;;
p6;defind v1;-0,723999;-0,7392504;3,911555E-07;0;0;0;1;1;1;;
p6;Body1;-0,7239986;-0,7392504;7,897615E-07;270;90,00005;0;0,09999999;0,1;0,09999999;;
p6;Body1 (1);-0,7314982;-0,7391505;0,001500659;270;90,00005;0;0,07701899;0,077019;0,1004877;;
p6;defind v1;-0,723999;-0,7765002;3,911555E-07;0;0;0;1;1;1;;
p6;Body1;-0,7239986;-0,7765002;7,897615E-07;270;90,00005;0;0,09999999;0,1;0,09999999;;
p6;Body1 (1);-0,7314982;-0,7764001;0,001500659;270;90,00005;0;0,07701899;0,077019;0,1004877;;
p6;defind v1;-0,723999;-0,8137503;3,911555E-07;0;0;0;1;1;1;;
p6;Body1;-0,7239986;-0,8137503;7,897615E-07;270;90,00005;0;0,09999999;0,1;0,09999999;;
p6;Body1 (1);-0,7314982;-0,8136501;0,001500659;270;90,00005;0;0,07701899;0,077019;0,1004877;;
p6;defind v1;-0,723999;-0,8510003;3,911555E-07;0;0;0;1;1;1;;
p6;Body1;-0,7239986;-0,8510003;7,897615E-07;270;90,00005;0;0,09999999;0,1;0,09999999;;
p6;Body1 (1);-0,7314982;-0,8509002;0,001500659;270;90,00005;0;0,07701899;0,077019;0,1004877;;
p6;defind v1;-0,7956665;-0,7020001;-5,587935E-08;0;0;0;1;1;1;;
p6;Body1;-0,7956665;-0,7020001;-5,587935E-08;270;90,00005;0;0,09999999;0,1;0,09999999;;
p6;Body1 (1);-0,803167;-0,7019002;0,001499675;270;90,00005;0;0,07701899;0,077019;0,1004877;;
p6;defind v1;-0,7956665;-0,7392504;-5,587935E-08;0;0;0;1;1;1;;
p6;Body1;-0,7956665;-0,7392504;-5,587935E-08;270;90,00005;0;0,09999999;0,1;0,09999999;;
p6;Body1 (1);-0,803167;-0,7391505;0,001499675;270;90,00005;0;0,07701899;0,077019;0,1004877;;
p6;defind v1;-0,7956665;-0,7765002;-5,587935E-08;0;0;0;1;1;1;;
p6;Body1;-0,7956665;-0,7765002;-5,587935E-08;270;90,00005;0;0,09999999;0,1;0,09999999;;
p6;Body1 (1);-0,803167;-0,7764001;0,001499675;270;90,00005;0;0,07701899;0,077019;0,1004877;;
p6;defind v1;-0,7956665;-0,8137503;-5,587935E-08;0;0;0;1;1;1;;
p6;Body1;-0,7956665;-0,8137503;-5,587935E-08;270;90,00005;0;0,09999999;0,1;0,09999999;;
p6;Body1 (1);-0,803167;-0,8136501;0,001499675;270;90,00005;0;0,07701899;0,077019;0,1004877;;
p6;defind v1;-0,7956665;-0,8510003;-5,587935E-08;0;0;0;1;1;1;;
p6;Body1;-0,7956665;-0,8510003;-5,587935E-08;270;90,00005;0;0,09999999;0,1;0,09999999;;
p6;Body1 (1);-0,803167;-0,8509002;0,001499675;270;90,00005;0;0,07701899;0,077019;0,1004877;;
p6;defind v1;-0,8673325;-0,7020001;7,394701E-07;0;0;0;1;1;1;;
p6;Body1;-0,8673325;-0,7020001;9,573996E-07;270;90,00005;0;0,09999999;0,1;0,09999999;;
p6;Body1 (1);-0,8748321;-0,7019002;0,001500826;270;90,00005;0;0,07701899;0,077019;0,1004877;;
p6;defind v1;-0,8673325;-0,7392504;7,394701E-07;0;0;0;1;1;1;;
p6;Body1;-0,8673325;-0,7392504;9,573996E-07;270;90,00005;0;0,09999999;0,1;0,09999999;;
p6;Body1 (1);-0,8748321;-0,7391505;0,001500826;270;90,00005;0;0,07701899;0,077019;0,1004877;;
p6;defind v1;-0,8673325;-0,7765002;7,394701E-07;0;0;0;1;1;1;;
p6;Body1;-0,8673325;-0,7765002;9,573996E-07;270;90,00005;0;0,09999999;0,1;0,09999999;;
p6;Body1 (1);-0,8748321;-0,7764001;0,001500826;270;90,00005;0;0,07701899;0,077019;0,1004877;;
p6;defind v1;-0,8673325;-0,8137503;7,394701E-07;0;0;0;1;1;1;;
p6;Body1;-0,8673325;-0,8137503;9,573996E-07;270;90,00005;0;0,09999999;0,1;0,09999999;;
p6;Body1 (1);-0,8748321;-0,8136501;0,001500826;270;90,00005;0;0,07701899;0,077019;0,1004877;;
p6;defind v1;-0,8673325;-0,8510003;7,394701E-07;0;0;0;1;1;1;;
p6;Body1;-0,8673325;-0,8510003;9,573996E-07;270;90,00005;0;0,09999999;0,1;0,09999999;;
p6;Body1 (1);-0,8748321;-0,8509002;0,001500826;270;90,00005;0;0,07701899;0,077019;0,1004877;;
p6;defind v1;-0,9389988;-0,7020001;2,235174E-08;0;0;0;1;1;1;;
p6;Body1;-0,9389988;-0,7020001;2,235174E-08;270;90,00005;0;0,09999999;0,1;0,09999999;;
p6;Body1 (1);-0,9464985;-0,7019002;0,001500141;270;90,00005;0;0,07701899;0,077019;0,1004877;;
p6;defind v1;-0,9389988;-0,7392504;2,235174E-08;0;0;0;1;1;1;;
p6;Body1;-0,9389988;-0,7392504;2,235174E-08;270;90,00005;0;0,09999999;0,1;0,09999999;;
p6;Body1 (1);-0,9464985;-0,7391505;0,001500141;270;90,00005;0;0,07701899;0,077019;0,1004877;;
p6;defind v1;-0,9389988;-0,7765002;2,235174E-08;0;0;0;1;1;1;;
p6;Body1;-0,9389988;-0,7765002;2,235174E-08;270;90,00005;0;0,09999999;0,1;0,09999999;;
p6;Body1 (1);-0,9464985;-0,7764001;0,001500141;270;90,00005;0;0,07701899;0,077019;0,1004877;;
p6;defind v1;-0,9389988;-0,8137503;2,235174E-08;0;0;0;1;1;1;;
p6;Body1;-0,9389988;-0,8137503;2,235174E-08;270;90,00005;0;0,09999999;0,1;0,09999999;;
p6;Body1 (1);-0,9464985;-0,8136501;0,001500141;270;90,00005;0;0,07701899;0,077019;0,1004877;;
p6;defind v1;-0,9389988;-0,8510003;2,235174E-08;0;0;0;1;1;1;;
p6;Body1;-0,9389988;-0,8510003;2,235174E-08;270;90,00005;0;0,09999999;0,1;0,09999999;;
p6;Body1 (1);-0,9464985;-0,8509002;0,001500141;270;90,00005;0;0,07701899;0,077019;0,1004877;;
p6;skala_output_5 v5;-0,731;-0,964;0;0;0;0;1;1;1;;
p6;GameObject;-0,7310003;-1,029;3,688037E-07;270;-2,414836E-06;0;1;1;1;;
p6;Body5;-0,7310009;-1,029;3,78117E-07;270;6,03709E-05;0;9,999999;10;10;;
p6;Body8;-0,7310009;-1,029;3,78117E-07;270;6,03709E-05;0;9,999999;10;10;;
p6;Body9;-0,7310009;-1,029;3,78117E-07;270;6,03709E-05;0;9,999999;10;10;;
p6;Body10;-0,7310009;-1,029;3,78117E-07;270;6,03709E-05;0;9,999999;10;10;;
p6;Body11;-0,7310009;-1,029;3,78117E-07;270;6,03709E-05;0;9,999999;10;10;;
p6;skala_7seg_nixie v4;-0,9010002;-0,9726005;-0,02170699;0,0001195283;5,464151E-05;4,829736E-06;1;1;1;;
p6;Body1;-0,9010002;-0,9726005;-0,02170699;0,0001195283;5,634906E-05;4,82974E-06;10;10;10;;
p6;Body8;-0,9010002;-0,9726005;-0,02170699;0,0001195283;5,634906E-05;4,82974E-06;10;10;10;;
p6;Body16;-0,9010002;-0,9726005;-0,02170699;0,0001195283;5,634906E-05;4,82974E-06;10;10;10;;
p6;Body17;-0,9010002;-0,9726005;-0,02170699;0,0001195283;5,634906E-05;4,82974E-06;10;10;10;;
p6;Body18;-0,9010002;-0,9726005;-0,02170699;0,0001195283;5,634906E-05;4,82974E-06;10;10;10;;
p6;Body19;-0,9010002;-0,9726005;-0,02170699;0,0001195283;5,634906E-05;4,82974E-06;10;10;10;;
p6;Body20;-0,9010002;-0,9726005;-0,02170699;0,0001195283;5,634906E-05;4,82974E-06;10;10;10;;
p6;Body21;-0,9010002;-0,9726005;-0,02170699;0,0001195283;5,634906E-05;4,82974E-06;10;10;10;;
p6;Body22;-0,9010002;-0,9726005;-0,02170699;0,0001195283;5,634906E-05;4,82974E-06;10;10;10;;
p6;Body23;-0,9010002;-0,9726005;-0,02170699;0,0001195283;5,634906E-05;4,82974E-06;10;10;10;;
p6;Body34;-0,9010002;-0,9726005;-0,02170699;0,0001195283;5,634906E-05;4,82974E-06;10;10;10;;
p6;skala_7seg_nixie v4 (1);-0,8309003;-0,9726;-0,02170708;0,0001195283;5,464151E-05;4,829736E-06;1;1;1;;
p6;Body1;-0,8309003;-0,9726;-0,02170708;0,0001195283;5,634906E-05;4,82974E-06;10;10;10;;
p6;Body8;-0,8309003;-0,9726;-0,02170708;0,0001195283;5,634906E-05;4,82974E-06;10;10;10;;
p6;Body16;-0,8309003;-0,9726;-0,02170708;0,0001195283;5,634906E-05;4,82974E-06;10;10;10;;
p6;Body17;-0,8309003;-0,9726;-0,02170708;0,0001195283;5,634906E-05;4,82974E-06;10;10;10;;
p6;Body18;-0,8309003;-0,9726;-0,02170708;0,0001195283;5,634906E-05;4,82974E-06;10;10;10;;
p6;Body19;-0,8309003;-0,9726;-0,02170708;0,0001195283;5,634906E-05;4,82974E-06;10;10;10;;
p6;Body20;-0,8309003;-0,9726;-0,02170708;0,0001195283;5,634906E-05;4,82974E-06;10;10;10;;
p6;Body21;-0,8309003;-0,9726;-0,02170708;0,0001195283;5,634906E-05;4,82974E-06;10;10;10;;
p6;Body22;-0,8309003;-0,9726;-0,02170708;0,0001195283;5,634906E-05;4,82974E-06;10;10;10;;
p6;Body23;-0,8309003;-0,9726;-0,02170708;0,0001195283;5,634906E-05;4,82974E-06;10;10;10;;
p6;Body34;-0,8309003;-0,9726;-0,02170708;0,0001195283;5,634906E-05;4,82974E-06;10;10;10;;
p6;skala_7seg_nixie v4 (2);-0,8778002;-0,9726;-0,02170664;0,0001195283;5,464151E-05;4,829736E-06;1;1;1;;
p6;Body1;-0,8778002;-0,9726;-0,02170653;0,0001195283;5,634906E-05;4,82974E-06;10;10;10;;
p6;Body8;-0,8778002;-0,9726;-0,02170653;0,0001195283;5,634906E-05;4,82974E-06;10;10;10;;
p6;Body16;-0,8778002;-0,9726;-0,02170653;0,0001195283;5,634906E-05;4,82974E-06;10;10;10;;
p6;Body17;-0,8778002;-0,9726;-0,02170653;0,0001195283;5,634906E-05;4,82974E-06;10;10;10;;
p6;Body18;-0,8778002;-0,9726;-0,02170653;0,0001195283;5,634906E-05;4,82974E-06;10;10;10;;
p6;Body19;-0,8778002;-0,9726;-0,02170653;0,0001195283;5,634906E-05;4,82974E-06;10;10;10;;
p6;Body20;-0,8778002;-0,9726;-0,02170653;0,0001195283;5,634906E-05;4,82974E-06;10;10;10;;
p6;Body21;-0,8778002;-0,9726;-0,02170653;0,0001195283;5,634906E-05;4,82974E-06;10;10;10;;
p6;Body22;-0,8778002;-0,9726;-0,02170653;0,0001195283;5,634906E-05;4,82974E-06;10;10;10;;
p6;Body23;-0,8778002;-0,9726;-0,02170653;0,0001195283;5,634906E-05;4,82974E-06;10;10;10;;
p6;Body34;-0,8778002;-0,9726;-0,02170653;0,0001195283;5,634906E-05;4,82974E-06;10;10;10;;
p6;skala_7seg_nixie v4 (3);-0,8545008;-0,9726002;-0,02170749;0,0001195283;5,464151E-05;4,829736E-06;1;1;1;;
p6;Body1;-0,8545008;-0,9726002;-0,02170749;0,0001195283;5,634906E-05;4,82974E-06;10;10;10;;
p6;Body8;-0,8545008;-0,9726002;-0,02170749;0,0001195283;5,634906E-05;4,82974E-06;10;10;10;;
p6;Body16;-0,8545008;-0,9726002;-0,02170749;0,0001195283;5,634906E-05;4,82974E-06;10;10;10;;
p6;Body17;-0,8545008;-0,9726002;-0,02170749;0,0001195283;5,634906E-05;4,82974E-06;10;10;10;;
p6;Body18;-0,8545008;-0,9726002;-0,02170749;0,0001195283;5,634906E-05;4,82974E-06;10;10;10;;
p6;Body19;-0,8545008;-0,9726002;-0,02170749;0,0001195283;5,634906E-05;4,82974E-06;10;10;10;;
p6;Body20;-0,8545008;-0,9726002;-0,02170749;0,0001195283;5,634906E-05;4,82974E-06;10;10;10;;
p6;Body21;-0,8545008;-0,9726002;-0,02170749;0,0001195283;5,634906E-05;4,82974E-06;10;10;10;;
p6;Body22;-0,8545008;-0,9726002;-0,02170749;0,0001195283;5,634906E-05;4,82974E-06;10;10;10;;
p6;Body23;-0,8545008;-0,9726002;-0,02170749;0,0001195283;5,634906E-05;4,82974E-06;10;10;10;;
p6;Body34;-0,8545008;-0,9726002;-0,02170749;0,0001195283;5,634906E-05;4,82974E-06;10;10;10;;
p6;skala_sym_nixie v2;-0,8178006;-1,0117;-0,01247796;270;0;0;1;1;1;;
p6;Body1;-0,8178006;-1,0117;-0,01247796;270;2,414838E-06;0;10;9,999999;10;;
p6;Body3;-0,8178006;-1,0117;-0,01247796;270;2,414838E-06;0;10;9,999999;10;;
p6;Body4;-0,8178006;-1,0117;-0,01247796;270;2,414838E-06;0;10;9,999999;10;;
p6;Body5;-0,8178006;-1,0117;-0,01247796;270;2,414838E-06;0;10;9,999999;10;;
p6;Body6;-0,8178006;-1,0117;-0,01247796;270;2,414838E-06;0;10;9,999999;10;;
p6;Body7;-0,8178006;-1,0117;-0,01247796;270;2,414838E-06;0;10;9,999999;10;;
p6;Body8;-0,8178006;-1,0117;-0,01247796;270;2,414838E-06;0;10;9,999999;10;;
p6;Body9;-0,8178006;-1,0117;-0,01247796;270;2,414838E-06;0;10;9,999999;10;;
p6;Body10;-0,8178006;-1,0117;-0,01247796;270;2,414838E-06;0;10;9,999999;10;;
p6;Body11;-0,8178006;-1,0117;-0,01247796;270;2,414838E-06;0;10;9,999999;10;;
p6;Body12;-0,8178006;-1,0117;-0,01247796;270;2,414838E-06;0;10;9,999999;10;;
p6;Body13;-0,8178006;-1,0117;-0,01247796;270;2,414838E-06;0;10;9,999999;10;;
p6;Body14;-0,8178006;-1,0117;-0,01247796;270;2,414838E-06;0;10;9,999999;10;;
p6;Body15;-0,8178006;-1,0117;-0,01247796;270;2,414838E-06;0;10;9,999999;10;;
p6;Body16;-0,8178006;-1,0117;-0,01247796;270;2,414838E-06;0;10;9,999999;10;;
p6;Body17;-0,8178006;-1,0117;-0,01247796;270;2,414838E-06;0;10;9,999999;10;;
p6;Body18;-0,8178006;-1,0117;-0,01247796;270;2,414838E-06;0;10;9,999999;10;;
p6;Body19;-0,8178006;-1,0117;-0,01247796;270;2,414838E-06;0;10;9,999999;10;;
p6;Body20;-0,8178006;-1,0117;-0,01247796;270;2,414838E-06;0;10;9,999999;10;;
p6;Body21;-0,8178006;-1,0117;-0,01247796;270;2,414838E-06;0;10;9,999999;10;;
p6;Body23;-0,8178006;-1,0117;-0,01247796;270;2,414838E-06;0;10;9,999999;10;;
p6;Body25;-0,8178006;-1,0117;-0,01247796;270;2,414838E-06;0;10;9,999999;10;;
p6;skala_output_5 v5 (1);-0,731;-1,0355;0;0;0;0;1;1;1;;
p6;GameObject;-0,7310003;-1,1005;3,688037E-07;270;-2,414836E-06;0;1;1;1;;
p6;Body5;-0,7310009;-1,1005;3,78117E-07;270;6,03709E-05;0;9,999999;10;10;;
p6;Body8;-0,7310009;-1,1005;3,78117E-07;270;6,03709E-05;0;9,999999;10;10;;
p6;Body9;-0,7310009;-1,1005;3,78117E-07;270;6,03709E-05;0;9,999999;10;10;;
p6;Body10;-0,7310009;-1,1005;3,78117E-07;270;6,03709E-05;0;9,999999;10;10;;
p6;Body11;-0,7310009;-1,1005;3,78117E-07;270;6,03709E-05;0;9,999999;10;10;;
p6;skala_7seg_nixie v4;-0,9010002;-1,044101;-0,02170699;0,0001195283;5,464151E-05;4,829736E-06;1;1;1;;
p6;Body1;-0,9010002;-1,044101;-0,02170699;0,0001195283;5,634906E-05;4,82974E-06;10;10;10;;
p6;Body8;-0,9010002;-1,044101;-0,02170699;0,0001195283;5,634906E-05;4,82974E-06;10;10;10;;
p6;Body16;-0,9010002;-1,044101;-0,02170699;0,0001195283;5,634906E-05;4,82974E-06;10;10;10;;
p6;Body17;-0,9010002;-1,044101;-0,02170699;0,0001195283;5,634906E-05;4,82974E-06;10;10;10;;
p6;Body18;-0,9010002;-1,044101;-0,02170699;0,0001195283;5,634906E-05;4,82974E-06;10;10;10;;
p6;Body19;-0,9010002;-1,044101;-0,02170699;0,0001195283;5,634906E-05;4,82974E-06;10;10;10;;
p6;Body20;-0,9010002;-1,044101;-0,02170699;0,0001195283;5,634906E-05;4,82974E-06;10;10;10;;
p6;Body21;-0,9010002;-1,044101;-0,02170699;0,0001195283;5,634906E-05;4,82974E-06;10;10;10;;
p6;Body22;-0,9010002;-1,044101;-0,02170699;0,0001195283;5,634906E-05;4,82974E-06;10;10;10;;
p6;Body23;-0,9010002;-1,044101;-0,02170699;0,0001195283;5,634906E-05;4,82974E-06;10;10;10;;
p6;Body34;-0,9010002;-1,044101;-0,02170699;0,0001195283;5,634906E-05;4,82974E-06;10;10;10;;
p6;skala_7seg_nixie v4 (1);-0,8309003;-1,0441;-0,02170708;0,0001195283;5,464151E-05;4,829736E-06;1;1;1;;
p6;Body1;-0,8309003;-1,0441;-0,02170708;0,0001195283;5,634906E-05;4,82974E-06;10;10;10;;
p6;Body8;-0,8309003;-1,0441;-0,02170708;0,0001195283;5,634906E-05;4,82974E-06;10;10;10;;
p6;Body16;-0,8309003;-1,0441;-0,02170708;0,0001195283;5,634906E-05;4,82974E-06;10;10;10;;
p6;Body17;-0,8309003;-1,0441;-0,02170708;0,0001195283;5,634906E-05;4,82974E-06;10;10;10;;
p6;Body18;-0,8309003;-1,0441;-0,02170708;0,0001195283;5,634906E-05;4,82974E-06;10;10;10;;
p6;Body19;-0,8309003;-1,0441;-0,02170708;0,0001195283;5,634906E-05;4,82974E-06;10;10;10;;
p6;Body20;-0,8309003;-1,0441;-0,02170708;0,0001195283;5,634906E-05;4,82974E-06;10;10;10;;
p6;Body21;-0,8309003;-1,0441;-0,02170708;0,0001195283;5,634906E-05;4,82974E-06;10;10;10;;
p6;Body22;-0,8309003;-1,0441;-0,02170708;0,0001195283;5,634906E-05;4,82974E-06;10;10;10;;
p6;Body23;-0,8309003;-1,0441;-0,02170708;0,0001195283;5,634906E-05;4,82974E-06;10;10;10;;
p6;Body34;-0,8309003;-1,0441;-0,02170708;0,0001195283;5,634906E-05;4,82974E-06;10;10;10;;
p6;skala_7seg_nixie v4 (2);-0,8778002;-1,0441;-0,02170664;0,0001195283;5,464151E-05;4,829736E-06;1;1;1;;
p6;Body1;-0,8778002;-1,0441;-0,02170653;0,0001195283;5,634906E-05;4,82974E-06;10;10;10;;
p6;Body8;-0,8778002;-1,0441;-0,02170653;0,0001195283;5,634906E-05;4,82974E-06;10;10;10;;
p6;Body16;-0,8778002;-1,0441;-0,02170653;0,0001195283;5,634906E-05;4,82974E-06;10;10;10;;
p6;Body17;-0,8778002;-1,0441;-0,02170653;0,0001195283;5,634906E-05;4,82974E-06;10;10;10;;
p6;Body18;-0,8778002;-1,0441;-0,02170653;0,0001195283;5,634906E-05;4,82974E-06;10;10;10;;
p6;Body19;-0,8778002;-1,0441;-0,02170653;0,0001195283;5,634906E-05;4,82974E-06;10;10;10;;
p6;Body20;-0,8778002;-1,0441;-0,02170653;0,0001195283;5,634906E-05;4,82974E-06;10;10;10;;
p6;Body21;-0,8778002;-1,0441;-0,02170653;0,0001195283;5,634906E-05;4,82974E-06;10;10;10;;
p6;Body22;-0,8778002;-1,0441;-0,02170653;0,0001195283;5,634906E-05;4,82974E-06;10;10;10;;
p6;Body23;-0,8778002;-1,0441;-0,02170653;0,0001195283;5,634906E-05;4,82974E-06;10;10;10;;
p6;Body34;-0,8778002;-1,0441;-0,02170653;0,0001195283;5,634906E-05;4,82974E-06;10;10;10;;
p6;skala_7seg_nixie v4 (3);-0,8545008;-1,0441;-0,02170749;0,0001195283;5,464151E-05;4,829736E-06;1;1;1;;
p6;Body1;-0,8545008;-1,0441;-0,02170749;0,0001195283;5,634906E-05;4,82974E-06;10;10;10;;
p6;Body8;-0,8545008;-1,0441;-0,02170749;0,0001195283;5,634906E-05;4,82974E-06;10;10;10;;
p6;Body16;-0,8545008;-1,0441;-0,02170749;0,0001195283;5,634906E-05;4,82974E-06;10;10;10;;
p6;Body17;-0,8545008;-1,0441;-0,02170749;0,0001195283;5,634906E-05;4,82974E-06;10;10;10;;
p6;Body18;-0,8545008;-1,0441;-0,02170749;0,0001195283;5,634906E-05;4,82974E-06;10;10;10;;
p6;Body19;-0,8545008;-1,0441;-0,02170749;0,0001195283;5,634906E-05;4,82974E-06;10;10;10;;
p6;Body20;-0,8545008;-1,0441;-0,02170749;0,0001195283;5,634906E-05;4,82974E-06;10;10;10;;
p6;Body21;-0,8545008;-1,0441;-0,02170749;0,0001195283;5,634906E-05;4,82974E-06;10;10;10;;
p6;Body22;-0,8545008;-1,0441;-0,02170749;0,0001195283;5,634906E-05;4,82974E-06;10;10;10;;
p6;Body23;-0,8545008;-1,0441;-0,02170749;0,0001195283;5,634906E-05;4,82974E-06;10;10;10;;
p6;Body34;-0,8545008;-1,0441;-0,02170749;0,0001195283;5,634906E-05;4,82974E-06;10;10;10;;
p6;skala_sym_nixie v2;-0,8178006;-1,0832;-0,01247796;270;0;0;1;1;1;;
p6;Body1;-0,8178006;-1,0832;-0,01247796;270;2,414838E-06;0;10;9,999999;10;;
p6;Body3;-0,8178006;-1,0832;-0,01247796;270;2,414838E-06;0;10;9,999999;10;;
p6;Body4;-0,8178006;-1,0832;-0,01247796;270;2,414838E-06;0;10;9,999999;10;;
p6;Body5;-0,8178006;-1,0832;-0,01247796;270;2,414838E-06;0;10;9,999999;10;;
p6;Body6;-0,8178006;-1,0832;-0,01247796;270;2,414838E-06;0;10;9,999999;10;;
p6;Body7;-0,8178006;-1,0832;-0,01247796;270;2,414838E-06;0;10;9,999999;10;;
p6;Body8;-0,8178006;-1,0832;-0,01247796;270;2,414838E-06;0;10;9,999999;10;;
p6;Body9;-0,8178006;-1,0832;-0,01247796;270;2,414838E-06;0;10;9,999999;10;;
p6;Body10;-0,8178006;-1,0832;-0,01247796;270;2,414838E-06;0;10;9,999999;10;;
p6;Body11;-0,8178006;-1,0832;-0,01247796;270;2,414838E-06;0;10;9,999999;10;;
p6;Body12;-0,8178006;-1,0832;-0,01247796;270;2,414838E-06;0;10;9,999999;10;;
p6;Body13;-0,8178006;-1,0832;-0,01247796;270;2,414838E-06;0;10;9,999999;10;;
p6;Body14;-0,8178006;-1,0832;-0,01247796;270;2,414838E-06;0;10;9,999999;10;;
p6;Body15;-0,8178006;-1,0832;-0,01247796;270;2,414838E-06;0;10;9,999999;10;;
p6;Body16;-0,8178006;-1,0832;-0,01247796;270;2,414838E-06;0;10;9,999999;10;;
p6;Body17;-0,8178006;-1,0832;-0,01247796;270;2,414838E-06;0;10;9,999999;10;;
p6;Body18;-0,8178006;-1,0832;-0,01247796;270;2,414838E-06;0;10;9,999999;10;;
p6;Body19;-0,8178006;-1,0832;-0,01247796;270;2,414838E-06;0;10;9,999999;10;;
p6;Body20;-0,8178006;-1,0832;-0,01247796;270;2,414838E-06;0;10;9,999999;10;;
p6;Body21;-0,8178006;-1,0832;-0,01247796;270;2,414838E-06;0;10;9,999999;10;;
p6;Body23;-0,8178006;-1,0832;-0,01247796;270;2,414838E-06;0;10;9,999999;10;;
p6;Body25;-0,8178006;-1,0832;-0,01247796;270;2,414838E-06;0;10;9,999999;10;;
p6;skala_output_7 v2;-0,731;-1,107;0;0;0;0;1;1;1;;
p6;GameObject;-0,7310003;-1,172;3,688037E-07;270;-2,414836E-06;0;1;1;1;;
p6;Body5;-0,7310009;-1,172;3,78117E-07;270;-2,414836E-06;0;10;10;9,999999;;
p6;Body8;-0,7310009;-1,172;3,78117E-07;270;-2,414836E-06;0;10;10;9,999999;;
p6;Body9;-0,7310009;-1,172;3,78117E-07;270;-2,414836E-06;0;10;10;9,999999;;
p6;Body10;-0,7310009;-1,172;3,78117E-07;270;-2,414836E-06;0;10;10;9,999999;;
p6;Body11;-0,7310009;-1,172;3,78117E-07;270;-2,414836E-06;0;10;10;9,999999;;
p6;skala_7seg_nixie v4 (4);-0,9218005;-1,116099;-0,02299928;-5,088887E-14;-1,608604E-21;3,622254E-06;1;1;1;;
p6;Body1;-0,9218005;-1,116099;-0,02299928;1,017777E-13;3,217208E-21;3,622254E-06;10;10;10;;
p6;Body8;-0,9218005;-1,116099;-0,02299928;1,017777E-13;3,217208E-21;3,622254E-06;10;10;10;;
p6;Body16;-0,9218005;-1,116099;-0,02299928;1,017777E-13;3,217208E-21;3,622254E-06;10;10;10;;
p6;Body17;-0,9218005;-1,116099;-0,02299928;1,017777E-13;3,217208E-21;3,622254E-06;10;10;10;;
p6;Body18;-0,9218005;-1,116099;-0,02299928;1,017777E-13;3,217208E-21;3,622254E-06;10;10;10;;
p6;Body19;-0,9218005;-1,116099;-0,02299928;1,017777E-13;3,217208E-21;3,622254E-06;10;10;10;;
p6;Body20;-0,9218005;-1,116099;-0,02299928;1,017777E-13;3,217208E-21;3,622254E-06;10;10;10;;
p6;Body21;-0,9218005;-1,116099;-0,02299928;1,017777E-13;3,217208E-21;3,622254E-06;10;10;10;;
p6;Body22;-0,9218005;-1,116099;-0,02299928;1,017777E-13;3,217208E-21;3,622254E-06;10;10;10;;
p6;Body23;-0,9218005;-1,116099;-0,02299928;1,017777E-13;3,217208E-21;3,622254E-06;10;10;10;;
p6;Body34;-0,9218005;-1,116099;-0,02299928;1,017777E-13;3,217208E-21;3,622254E-06;10;10;10;;
p6;skala_7seg_nixie v4 (5);-0,8995006;-1,116099;-0,02299955;-5,088887E-14;-1,608604E-21;3,622254E-06;1;1;1;;
p6;Body1;-0,8995006;-1,116099;-0,02299955;1,017777E-13;3,217208E-21;3,622254E-06;10;10;10;;
p6;Body8;-0,8995006;-1,116099;-0,02299955;1,017777E-13;3,217208E-21;3,622254E-06;10;10;10;;
p6;Body16;-0,8995006;-1,116099;-0,02299955;1,017777E-13;3,217208E-21;3,622254E-06;10;10;10;;
p6;Body17;-0,8995006;-1,116099;-0,02299955;1,017777E-13;3,217208E-21;3,622254E-06;10;10;10;;
p6;Body18;-0,8995006;-1,116099;-0,02299955;1,017777E-13;3,217208E-21;3,622254E-06;10;10;10;;
p6;Body19;-0,8995006;-1,116099;-0,02299955;1,017777E-13;3,217208E-21;3,622254E-06;10;10;10;;
p6;Body20;-0,8995006;-1,116099;-0,02299955;1,017777E-13;3,217208E-21;3,622254E-06;10;10;10;;
p6;Body21;-0,8995006;-1,116099;-0,02299955;1,017777E-13;3,217208E-21;3,622254E-06;10;10;10;;
p6;Body22;-0,8995006;-1,116099;-0,02299955;1,017777E-13;3,217208E-21;3,622254E-06;10;10;10;;
p6;Body23;-0,8995006;-1,116099;-0,02299955;1,017777E-13;3,217208E-21;3,622254E-06;10;10;10;;
p6;Body34;-0,8995006;-1,116099;-0,02299955;1,017777E-13;3,217208E-21;3,622254E-06;10;10;10;;
p6;skala_7seg_nixie v4 (6);-0,8770005;-1,116099;-0,02299971;-5,088887E-14;-1,608604E-21;3,622254E-06;1;1;1;;
p6;Body1;-0,8770005;-1,116099;-0,02299971;1,017777E-13;3,217208E-21;3,622254E-06;10;10;10;;
p6;Body8;-0,8770005;-1,116099;-0,02299971;1,017777E-13;3,217208E-21;3,622254E-06;10;10;10;;
p6;Body16;-0,8770005;-1,116099;-0,02299971;1,017777E-13;3,217208E-21;3,622254E-06;10;10;10;;
p6;Body17;-0,8770005;-1,116099;-0,02299971;1,017777E-13;3,217208E-21;3,622254E-06;10;10;10;;
p6;Body18;-0,8770005;-1,116099;-0,02299971;1,017777E-13;3,217208E-21;3,622254E-06;10;10;10;;
p6;Body19;-0,8770005;-1,116099;-0,02299971;1,017777E-13;3,217208E-21;3,622254E-06;10;10;10;;
p6;Body20;-0,8770005;-1,116099;-0,02299971;1,017777E-13;3,217208E-21;3,622254E-06;10;10;10;;
p6;Body21;-0,8770005;-1,116099;-0,02299971;1,017777E-13;3,217208E-21;3,622254E-06;10;10;10;;
p6;Body22;-0,8770005;-1,116099;-0,02299971;1,017777E-13;3,217208E-21;3,622254E-06;10;10;10;;
p6;Body23;-0,8770005;-1,116099;-0,02299971;1,017777E-13;3,217208E-21;3,622254E-06;10;10;10;;
p6;Body34;-0,8770005;-1,116099;-0,02299971;1,017777E-13;3,217208E-21;3,622254E-06;10;10;10;;
p6;skala_7seg_nixie v4 (7);-0,8551006;-1,116099;-0,02299964;-5,088887E-14;-1,608604E-21;3,622254E-06;1;1;1;;
p6;Body1;-0,8551011;-1,116099;-0,02299982;1,017777E-13;3,217208E-21;3,622254E-06;10;10;10;;
p6;Body8;-0,8551011;-1,116099;-0,02299982;1,017777E-13;3,217208E-21;3,622254E-06;10;10;10;;
p6;Body16;-0,8551011;-1,116099;-0,02299982;1,017777E-13;3,217208E-21;3,622254E-06;10;10;10;;
p6;Body17;-0,8551011;-1,116099;-0,02299982;1,017777E-13;3,217208E-21;3,622254E-06;10;10;10;;
p6;Body18;-0,8551011;-1,116099;-0,02299982;1,017777E-13;3,217208E-21;3,622254E-06;10;10;10;;
p6;Body19;-0,8551011;-1,116099;-0,02299982;1,017777E-13;3,217208E-21;3,622254E-06;10;10;10;;
p6;Body20;-0,8551011;-1,116099;-0,02299982;1,017777E-13;3,217208E-21;3,622254E-06;10;10;10;;
p6;Body21;-0,8551011;-1,116099;-0,02299982;1,017777E-13;3,217208E-21;3,622254E-06;10;10;10;;
p6;Body22;-0,8551011;-1,116099;-0,02299982;1,017777E-13;3,217208E-21;3,622254E-06;10;10;10;;
p6;Body23;-0,8551011;-1,116099;-0,02299982;1,017777E-13;3,217208E-21;3,622254E-06;10;10;10;;
p6;Body34;-0,8551011;-1,116099;-0,02299982;1,017777E-13;3,217208E-21;3,622254E-06;10;10;10;;
p6;skala_7seg_nixie v4 (8);-0,8107007;-1,116099;-0,02299992;-5,088887E-14;-1,608604E-21;3,622254E-06;1;1;1;;
p6;Body1;-0,8107007;-1,116099;-0,02299992;1,017777E-13;3,217208E-21;3,622254E-06;10;10;10;;
p6;Body8;-0,8107007;-1,116099;-0,02299992;1,017777E-13;3,217208E-21;3,622254E-06;10;10;10;;
p6;Body16;-0,8107007;-1,116099;-0,02299992;1,017777E-13;3,217208E-21;3,622254E-06;10;10;10;;
p6;Body17;-0,8107007;-1,116099;-0,02299992;1,017777E-13;3,217208E-21;3,622254E-06;10;10;10;;
p6;Body18;-0,8107007;-1,116099;-0,02299992;1,017777E-13;3,217208E-21;3,622254E-06;10;10;10;;
p6;Body19;-0,8107007;-1,116099;-0,02299992;1,017777E-13;3,217208E-21;3,622254E-06;10;10;10;;
p6;Body20;-0,8107007;-1,116099;-0,02299992;1,017777E-13;3,217208E-21;3,622254E-06;10;10;10;;
p6;Body21;-0,8107007;-1,116099;-0,02299992;1,017777E-13;3,217208E-21;3,622254E-06;10;10;10;;
p6;Body22;-0,8107007;-1,116099;-0,02299992;1,017777E-13;3,217208E-21;3,622254E-06;10;10;10;;
p6;Body23;-0,8107007;-1,116099;-0,02299992;1,017777E-13;3,217208E-21;3,622254E-06;10;10;10;;
p6;Body34;-0,8107007;-1,116099;-0,02299992;1,017777E-13;3,217208E-21;3,622254E-06;10;10;10;;
p6;skala_sym_nixie v2 (1);-0,7990011;-1,154799;-0,009660013;270;-2,414838E-06;0;1;1;1;;
p6;Body1;-0,7990012;-1,154799;-0,009659795;270;-2,414838E-06;0;10;9,999999;10;;
p6;Body3;-0,7990012;-1,154799;-0,009659795;270;-2,414838E-06;0;10;9,999999;10;;
p6;Body4;-0,7990012;-1,154799;-0,009659795;270;-2,414838E-06;0;10;9,999999;10;;
p6;Body5;-0,7990012;-1,154799;-0,009659795;270;-2,414838E-06;0;10;9,999999;10;;
p6;Body6;-0,7990012;-1,154799;-0,009659795;270;-2,414838E-06;0;10;9,999999;10;;
p6;Body7;-0,7990012;-1,154799;-0,009659795;270;-2,414838E-06;0;10;9,999999;10;;
p6;Body8;-0,7990012;-1,154799;-0,009659795;270;-2,414838E-06;0;10;9,999999;10;;
p6;Body9;-0,7990012;-1,154799;-0,009659795;270;-2,414838E-06;0;10;9,999999;10;;
p6;Body10;-0,7990012;-1,154799;-0,009659795;270;-2,414838E-06;0;10;9,999999;10;;
p6;Body11;-0,7990012;-1,154799;-0,009659795;270;-2,414838E-06;0;10;9,999999;10;;
p6;Body12;-0,7990012;-1,154799;-0,009659795;270;-2,414838E-06;0;10;9,999999;10;;
p6;Body13;-0,7990012;-1,154799;-0,009659795;270;-2,414838E-06;0;10;9,999999;10;;
p6;Body14;-0,7990012;-1,154799;-0,009659795;270;-2,414838E-06;0;10;9,999999;10;;
p6;Body15;-0,7990012;-1,154799;-0,009659795;270;-2,414838E-06;0;10;9,999999;10;;
p6;Body16;-0,7990012;-1,154799;-0,009659795;270;-2,414838E-06;0;10;9,999999;10;;
p6;Body17;-0,7990012;-1,154799;-0,009659795;270;-2,414838E-06;0;10;9,999999;10;;
p6;Body18;-0,7990012;-1,154799;-0,009659795;270;-2,414838E-06;0;10;9,999999;10;;
p6;Body19;-0,7990012;-1,154799;-0,009659795;270;-2,414838E-06;0;10;9,999999;10;;
p6;Body20;-0,7990012;-1,154799;-0,009659795;270;-2,414838E-06;0;10;9,999999;10;;
p6;Body21;-0,7990012;-1,154799;-0,009659795;270;-2,414838E-06;0;10;9,999999;10;;
p6;Body23;-0,7990012;-1,154799;-0,009659795;270;-2,414838E-06;0;10;9,999999;10;;
p6;Body25;-0,7990012;-1,154799;-0,009659795;270;-2,414838E-06;0;10;9,999999;10;;
p6;skala_sym_nixie v2 (2);-0,8440012;-1,154799;-0,009660145;270;-2,414838E-06;0;1;1;1;;
p6;Body1;-0,8440014;-1,154799;-0,009659709;270;-2,414838E-06;0;10;9,999999;10;;
p6;Body3;-0,8440014;-1,154799;-0,009659709;270;-2,414838E-06;0;10;9,999999;10;;
p6;Body4;-0,8440014;-1,154799;-0,009659709;270;-2,414838E-06;0;10;9,999999;10;;
p6;Body5;-0,8440014;-1,154799;-0,009659709;270;-2,414838E-06;0;10;9,999999;10;;
p6;Body6;-0,8440014;-1,154799;-0,009659709;270;-2,414838E-06;0;10;9,999999;10;;
p6;Body7;-0,8440014;-1,154799;-0,009659709;270;-2,414838E-06;0;10;9,999999;10;;
p6;Body8;-0,8440014;-1,154799;-0,009659709;270;-2,414838E-06;0;10;9,999999;10;;
p6;Body9;-0,8440014;-1,154799;-0,009659709;270;-2,414838E-06;0;10;9,999999;10;;
p6;Body10;-0,8440014;-1,154799;-0,009659709;270;-2,414838E-06;0;10;9,999999;10;;
p6;Body11;-0,8440014;-1,154799;-0,009659709;270;-2,414838E-06;0;10;9,999999;10;;
p6;Body12;-0,8440014;-1,154799;-0,009659709;270;-2,414838E-06;0;10;9,999999;10;;
p6;Body13;-0,8440014;-1,154799;-0,009659709;270;-2,414838E-06;0;10;9,999999;10;;
p6;Body14;-0,8440014;-1,154799;-0,009659709;270;-2,414838E-06;0;10;9,999999;10;;
p6;Body15;-0,8440014;-1,154799;-0,009659709;270;-2,414838E-06;0;10;9,999999;10;;
p6;Body16;-0,8440014;-1,154799;-0,009659709;270;-2,414838E-06;0;10;9,999999;10;;
p6;Body17;-0,8440014;-1,154799;-0,009659709;270;-2,414838E-06;0;10;9,999999;10;;
p6;Body18;-0,8440014;-1,154799;-0,009659709;270;-2,414838E-06;0;10;9,999999;10;;
p6;Body19;-0,8440014;-1,154799;-0,009659709;270;-2,414838E-06;0;10;9,999999;10;;
p6;Body20;-0,8440014;-1,154799;-0,009659709;270;-2,414838E-06;0;10;9,999999;10;;
p6;Body21;-0,8440014;-1,154799;-0,009659709;270;-2,414838E-06;0;10;9,999999;10;;
p6;Body23;-0,8440014;-1,154799;-0,009659709;270;-2,414838E-06;0;10;9,999999;10;;
p6;Body25;-0,8440014;-1,154799;-0,009659709;270;-2,414838E-06;0;10;9,999999;10;;
p6;skala_output_7 v2 (1);-0,731;-1,225;0;0;0;0;1;1;1;;
p6;GameObject;-0,7310003;-1,29;3,688037E-07;270;-2,414836E-06;0;1;1;1;;
p6;Body5;-0,7310009;-1,29;3,78117E-07;270;-2,414836E-06;0;10;10;9,999999;;
p6;Body8;-0,7310009;-1,29;3,78117E-07;270;-2,414836E-06;0;10;10;9,999999;;
p6;Body9;-0,7310009;-1,29;3,78117E-07;270;-2,414836E-06;0;10;10;9,999999;;
p6;Body10;-0,7310009;-1,29;3,78117E-07;270;-2,414836E-06;0;10;10;9,999999;;
p6;Body11;-0,7310009;-1,29;3,78117E-07;270;-2,414836E-06;0;10;10;9,999999;;
p6;skala_7seg_nixie v4 (4);-0,9218005;-1,234099;-0,02299928;-5,088887E-14;-1,608604E-21;3,622254E-06;1;1;1;;
p6;Body1;-0,9218005;-1,234099;-0,02299928;1,017777E-13;3,217208E-21;3,622254E-06;10;10;10;;
p6;Body8;-0,9218005;-1,234099;-0,02299928;1,017777E-13;3,217208E-21;3,622254E-06;10;10;10;;
p6;Body16;-0,9218005;-1,234099;-0,02299928;1,017777E-13;3,217208E-21;3,622254E-06;10;10;10;;
p6;Body17;-0,9218005;-1,234099;-0,02299928;1,017777E-13;3,217208E-21;3,622254E-06;10;10;10;;
p6;Body18;-0,9218005;-1,234099;-0,02299928;1,017777E-13;3,217208E-21;3,622254E-06;10;10;10;;
p6;Body19;-0,9218005;-1,234099;-0,02299928;1,017777E-13;3,217208E-21;3,622254E-06;10;10;10;;
p6;Body20;-0,9218005;-1,234099;-0,02299928;1,017777E-13;3,217208E-21;3,622254E-06;10;10;10;;
p6;Body21;-0,9218005;-1,234099;-0,02299928;1,017777E-13;3,217208E-21;3,622254E-06;10;10;10;;
p6;Body22;-0,9218005;-1,234099;-0,02299928;1,017777E-13;3,217208E-21;3,622254E-06;10;10;10;;
p6;Body23;-0,9218005;-1,234099;-0,02299928;1,017777E-13;3,217208E-21;3,622254E-06;10;10;10;;
p6;Body34;-0,9218005;-1,234099;-0,02299928;1,017777E-13;3,217208E-21;3,622254E-06;10;10;10;;
p6;skala_7seg_nixie v4 (5);-0,8995006;-1,234099;-0,02299955;-5,088887E-14;-1,608604E-21;3,622254E-06;1;1;1;;
p6;Body1;-0,8995006;-1,234099;-0,02299955;1,017777E-13;3,217208E-21;3,622254E-06;10;10;10;;
p6;Body8;-0,8995006;-1,234099;-0,02299955;1,017777E-13;3,217208E-21;3,622254E-06;10;10;10;;
p6;Body16;-0,8995006;-1,234099;-0,02299955;1,017777E-13;3,217208E-21;3,622254E-06;10;10;10;;
p6;Body17;-0,8995006;-1,234099;-0,02299955;1,017777E-13;3,217208E-21;3,622254E-06;10;10;10;;
p6;Body18;-0,8995006;-1,234099;-0,02299955;1,017777E-13;3,217208E-21;3,622254E-06;10;10;10;;
p6;Body19;-0,8995006;-1,234099;-0,02299955;1,017777E-13;3,217208E-21;3,622254E-06;10;10;10;;
p6;Body20;-0,8995006;-1,234099;-0,02299955;1,017777E-13;3,217208E-21;3,622254E-06;10;10;10;;
p6;Body21;-0,8995006;-1,234099;-0,02299955;1,017777E-13;3,217208E-21;3,622254E-06;10;10;10;;
p6;Body22;-0,8995006;-1,234099;-0,02299955;1,017777E-13;3,217208E-21;3,622254E-06;10;10;10;;
p6;Body23;-0,8995006;-1,234099;-0,02299955;1,017777E-13;3,217208E-21;3,622254E-06;10;10;10;;
p6;Body34;-0,8995006;-1,234099;-0,02299955;1,017777E-13;3,217208E-21;3,622254E-06;10;10;10;;
p6;skala_7seg_nixie v4 (6);-0,8770005;-1,234099;-0,02299971;-5,088887E-14;-1,608604E-21;3,622254E-06;1;1;1;;
p6;Body1;-0,8770005;-1,234099;-0,02299971;1,017777E-13;3,217208E-21;3,622254E-06;10;10;10;;
p6;Body8;-0,8770005;-1,234099;-0,02299971;1,017777E-13;3,217208E-21;3,622254E-06;10;10;10;;
p6;Body16;-0,8770005;-1,234099;-0,02299971;1,017777E-13;3,217208E-21;3,622254E-06;10;10;10;;
p6;Body17;-0,8770005;-1,234099;-0,02299971;1,017777E-13;3,217208E-21;3,622254E-06;10;10;10;;
p6;Body18;-0,8770005;-1,234099;-0,02299971;1,017777E-13;3,217208E-21;3,622254E-06;10;10;10;;
p6;Body19;-0,8770005;-1,234099;-0,02299971;1,017777E-13;3,217208E-21;3,622254E-06;10;10;10;;
p6;Body20;-0,8770005;-1,234099;-0,02299971;1,017777E-13;3,217208E-21;3,622254E-06;10;10;10;;
p6;Body21;-0,8770005;-1,234099;-0,02299971;1,017777E-13;3,217208E-21;3,622254E-06;10;10;10;;
p6;Body22;-0,8770005;-1,234099;-0,02299971;1,017777E-13;3,217208E-21;3,622254E-06;10;10;10;;
p6;Body23;-0,8770005;-1,234099;-0,02299971;1,017777E-13;3,217208E-21;3,622254E-06;10;10;10;;
p6;Body34;-0,8770005;-1,234099;-0,02299971;1,017777E-13;3,217208E-21;3,622254E-06;10;10;10;;
p6;skala_7seg_nixie v4 (7);-0,8551006;-1,234099;-0,02299964;-5,088887E-14;-1,608604E-21;3,622254E-06;1;1;1;;
p6;Body1;-0,8551011;-1,234099;-0,02299982;1,017777E-13;3,217208E-21;3,622254E-06;10;10;10;;
p6;Body8;-0,8551011;-1,234099;-0,02299982;1,017777E-13;3,217208E-21;3,622254E-06;10;10;10;;
p6;Body16;-0,8551011;-1,234099;-0,02299982;1,017777E-13;3,217208E-21;3,622254E-06;10;10;10;;
p6;Body17;-0,8551011;-1,234099;-0,02299982;1,017777E-13;3,217208E-21;3,622254E-06;10;10;10;;
p6;Body18;-0,8551011;-1,234099;-0,02299982;1,017777E-13;3,217208E-21;3,622254E-06;10;10;10;;
p6;Body19;-0,8551011;-1,234099;-0,02299982;1,017777E-13;3,217208E-21;3,622254E-06;10;10;10;;
p6;Body20;-0,8551011;-1,234099;-0,02299982;1,017777E-13;3,217208E-21;3,622254E-06;10;10;10;;
p6;Body21;-0,8551011;-1,234099;-0,02299982;1,017777E-13;3,217208E-21;3,622254E-06;10;10;10;;
p6;Body22;-0,8551011;-1,234099;-0,02299982;1,017777E-13;3,217208E-21;3,622254E-06;10;10;10;;
p6;Body23;-0,8551011;-1,234099;-0,02299982;1,017777E-13;3,217208E-21;3,622254E-06;10;10;10;;
p6;Body34;-0,8551011;-1,234099;-0,02299982;1,017777E-13;3,217208E-21;3,622254E-06;10;10;10;;
p6;skala_7seg_nixie v4 (8);-0,8107007;-1,234099;-0,02299992;-5,088887E-14;-1,608604E-21;3,622254E-06;1;1;1;;
p6;Body1;-0,8107007;-1,234099;-0,02299992;1,017777E-13;3,217208E-21;3,622254E-06;10;10;10;;
p6;Body8;-0,8107007;-1,234099;-0,02299992;1,017777E-13;3,217208E-21;3,622254E-06;10;10;10;;
p6;Body16;-0,8107007;-1,234099;-0,02299992;1,017777E-13;3,217208E-21;3,622254E-06;10;10;10;;
p6;Body17;-0,8107007;-1,234099;-0,02299992;1,017777E-13;3,217208E-21;3,622254E-06;10;10;10;;
p6;Body18;-0,8107007;-1,234099;-0,02299992;1,017777E-13;3,217208E-21;3,622254E-06;10;10;10;;
p6;Body19;-0,8107007;-1,234099;-0,02299992;1,017777E-13;3,217208E-21;3,622254E-06;10;10;10;;
p6;Body20;-0,8107007;-1,234099;-0,02299992;1,017777E-13;3,217208E-21;3,622254E-06;10;10;10;;
p6;Body21;-0,8107007;-1,234099;-0,02299992;1,017777E-13;3,217208E-21;3,622254E-06;10;10;10;;
p6;Body22;-0,8107007;-1,234099;-0,02299992;1,017777E-13;3,217208E-21;3,622254E-06;10;10;10;;
p6;Body23;-0,8107007;-1,234099;-0,02299992;1,017777E-13;3,217208E-21;3,622254E-06;10;10;10;;
p6;Body34;-0,8107007;-1,234099;-0,02299992;1,017777E-13;3,217208E-21;3,622254E-06;10;10;10;;
p6;skala_sym_nixie v2 (1);-0,7990011;-1,272799;-0,009660013;270;-2,414838E-06;0;1;1;1;;
p6;Body1;-0,7990012;-1,272799;-0,009659795;270;-2,414838E-06;0;10;9,999999;10;;
p6;Body3;-0,7990012;-1,272799;-0,009659795;270;-2,414838E-06;0;10;9,999999;10;;
p6;Body4;-0,7990012;-1,272799;-0,009659795;270;-2,414838E-06;0;10;9,999999;10;;
p6;Body5;-0,7990012;-1,272799;-0,009659795;270;-2,414838E-06;0;10;9,999999;10;;
p6;Body6;-0,7990012;-1,272799;-0,009659795;270;-2,414838E-06;0;10;9,999999;10;;
p6;Body7;-0,7990012;-1,272799;-0,009659795;270;-2,414838E-06;0;10;9,999999;10;;
p6;Body8;-0,7990012;-1,272799;-0,009659795;270;-2,414838E-06;0;10;9,999999;10;;
p6;Body9;-0,7990012;-1,272799;-0,009659795;270;-2,414838E-06;0;10;9,999999;10;;
p6;Body10;-0,7990012;-1,272799;-0,009659795;270;-2,414838E-06;0;10;9,999999;10;;
p6;Body11;-0,7990012;-1,272799;-0,009659795;270;-2,414838E-06;0;10;9,999999;10;;
p6;Body12;-0,7990012;-1,272799;-0,009659795;270;-2,414838E-06;0;10;9,999999;10;;
p6;Body13;-0,7990012;-1,272799;-0,009659795;270;-2,414838E-06;0;10;9,999999;10;;
p6;Body14;-0,7990012;-1,272799;-0,009659795;270;-2,414838E-06;0;10;9,999999;10;;
p6;Body15;-0,7990012;-1,272799;-0,009659795;270;-2,414838E-06;0;10;9,999999;10;;
p6;Body16;-0,7990012;-1,272799;-0,009659795;270;-2,414838E-06;0;10;9,999999;10;;
p6;Body17;-0,7990012;-1,272799;-0,009659795;270;-2,414838E-06;0;10;9,999999;10;;
p6;Body18;-0,7990012;-1,272799;-0,009659795;270;-2,414838E-06;0;10;9,999999;10;;
p6;Body19;-0,7990012;-1,272799;-0,009659795;270;-2,414838E-06;0;10;9,999999;10;;
p6;Body20;-0,7990012;-1,272799;-0,009659795;270;-2,414838E-06;0;10;9,999999;10;;
p6;Body21;-0,7990012;-1,272799;-0,009659795;270;-2,414838E-06;0;10;9,999999;10;;
p6;Body23;-0,7990012;-1,272799;-0,009659795;270;-2,414838E-06;0;10;9,999999;10;;
p6;Body25;-0,7990012;-1,272799;-0,009659795;270;-2,414838E-06;0;10;9,999999;10;;
p6;skala_sym_nixie v2 (2);-0,8440012;-1,272799;-0,009660145;270;-2,414838E-06;0;1;1;1;;
p6;Body1;-0,8440014;-1,272799;-0,009659709;270;-2,414838E-06;0;10;9,999999;10;;
p6;Body3;-0,8440014;-1,272799;-0,009659709;270;-2,414838E-06;0;10;9,999999;10;;
p6;Body4;-0,8440014;-1,272799;-0,009659709;270;-2,414838E-06;0;10;9,999999;10;;
p6;Body5;-0,8440014;-1,272799;-0,009659709;270;-2,414838E-06;0;10;9,999999;10;;
p6;Body6;-0,8440014;-1,272799;-0,009659709;270;-2,414838E-06;0;10;9,999999;10;;
p6;Body7;-0,8440014;-1,272799;-0,009659709;270;-2,414838E-06;0;10;9,999999;10;;
p6;Body8;-0,8440014;-1,272799;-0,009659709;270;-2,414838E-06;0;10;9,999999;10;;
p6;Body9;-0,8440014;-1,272799;-0,009659709;270;-2,414838E-06;0;10;9,999999;10;;
p6;Body10;-0,8440014;-1,272799;-0,009659709;270;-2,414838E-06;0;10;9,999999;10;;
p6;Body11;-0,8440014;-1,272799;-0,009659709;270;-2,414838E-06;0;10;9,999999;10;;
p6;Body12;-0,8440014;-1,272799;-0,009659709;270;-2,414838E-06;0;10;9,999999;10;;
p6;Body13;-0,8440014;-1,272799;-0,009659709;270;-2,414838E-06;0;10;9,999999;10;;
p6;Body14;-0,8440014;-1,272799;-0,009659709;270;-2,414838E-06;0;10;9,999999;10;;
p6;Body15;-0,8440014;-1,272799;-0,009659709;270;-2,414838E-06;0;10;9,999999;10;;
p6;Body16;-0,8440014;-1,272799;-0,009659709;270;-2,414838E-06;0;10;9,999999;10;;
p6;Body17;-0,8440014;-1,272799;-0,009659709;270;-2,414838E-06;0;10;9,999999;10;;
p6;Body18;-0,8440014;-1,272799;-0,009659709;270;-2,414838E-06;0;10;9,999999;10;;
p6;Body19;-0,8440014;-1,272799;-0,009659709;270;-2,414838E-06;0;10;9,999999;10;;
p6;Body20;-0,8440014;-1,272799;-0,009659709;270;-2,414838E-06;0;10;9,999999;10;;
p6;Body21;-0,8440014;-1,272799;-0,009659709;270;-2,414838E-06;0;10;9,999999;10;;
p6;Body23;-0,8440014;-1,272799;-0,009659709;270;-2,414838E-06;0;10;9,999999;10;;
p6;Body25;-0,8440014;-1,272799;-0,009659709;270;-2,414838E-06;0;10;9,999999;10;;
p6;GameObject (5);-1,002;-0,989;0;0;0;0;65;15;2;;
p6;label;-1,0345;-0,9965;0,0004994348;0;0;0;0,06500001;0,015;0,001;;
p6;GameObject (6);-1,002;-1,0605;0;0;0;0;65;15;2;;
p6;label;-1,0345;-1,068;0,0004994348;0;0;0;0,06500001;0,015;0,001;;
p6;GameObject (7);-1,002;-1,132;0;0;0;0;65;15;2;;
p6;label;-1,0345;-1,1395;0,0004994348;0;0;0;0,06500001;0,015;0,001;;
p6;GameObject (8);-1,002;-1,25;0;0;0;0;65;15;2;;
p6;label;-1,0345;-1,2575;0,0004994348;0;0;0;0,06500001;0,015;0,001;;
p6;GameObject (9);-0,8335;-1,318;0;0;0;0;65;15;2;;
p6;label;-0,8659995;-1,3255;0,000500273;0;0;0;0,06500001;0,015;0,001;;
p6;GameObject (10);-0,811;-1,677;0;0;0;0;110;15;2;;
p6;label;-0,8659995;-1,6845;0,000500273;0;0;0;0,11;0,015;0,001;;
p6;GameObject (11);-0,501;-1,677;0;0;0;0;110;15;2;;
p6;label;-0,5560001;-1,6845;0,0005001854;0;0;0;0,11;0,015;0,001;;
p6;mk12_ppl;-0,536;-2,089;0;90;4,829671E-06;0;1;1;1;;
p6;mk_base;-0,5359991;-2,089;6,463379E-07;90;4,829671E-06;0;0,001;0,001;0,001;;
p6;Body1;-0,5359991;-2,089;6,463379E-07;-2,732076E-05;-1,151484E-12;4,829673E-06;0,1;0,1;0,1;;
p6;Body2;-0,5359991;-2,089;6,463379E-07;-2,732076E-05;-1,151484E-12;4,829673E-06;0,1;0,1;0,1;;
p6;Body3;-0,5359991;-2,089;6,463379E-07;-2,732076E-05;-1,151484E-12;4,829673E-06;0,1;0,1;0,1;;
p6;Body4;-0,5359991;-2,089;6,463379E-07;-2,732076E-05;-1,151484E-12;4,829673E-06;0,1;0,1;0,1;;
p6;Body5;-0,5359991;-2,089;6,463379E-07;-2,732076E-05;-1,151484E-12;4,829673E-06;0,1;0,1;0,1;;
p6;mk12_handle;-0,5560002;-2,109;0,005999796;90;4,829671E-06;0;0,001;0,001;0,001;;
p6;Body1;-0,5560004;-2,109;0,006000234;-2,732076E-05;-1,151484E-12;4,829673E-06;0,1;0,1;0,1;;
p6;Body3;-0,5560004;-2,109;0,006000234;-2,732076E-05;-1,151484E-12;4,829673E-06;0,1;0,1;0,1;;
p6;Plane;-0,5559992;-2,109;0,006100114;90;4,829671E-06;0;0,004000001;1;0,004;;
p6;mk12_ppl (1);-0,934;-2,089;0;90;4,829671E-06;0;1;1;1;;
p6;mk_base;-0,9340001;-2,089;4,284084E-08;90;4,829671E-06;0;0,001;0,001;0,001;;
p6;Body1;-0,9340001;-2,089;4,284084E-08;-2,732076E-05;-1,151484E-12;4,829673E-06;0,1;0,1;0,1;;
p6;Body2;-0,9340001;-2,089;4,284084E-08;-2,732076E-05;-1,151484E-12;4,829673E-06;0,1;0,1;0,1;;
p6;Body3;-0,9340001;-2,089;4,284084E-08;-2,732076E-05;-1,151484E-12;4,829673E-06;0,1;0,1;0,1;;
p6;Body4;-0,9340001;-2,089;4,284084E-08;-2,732076E-05;-1,151484E-12;4,829673E-06;0,1;0,1;0,1;;
p6;Body5;-0,9340001;-2,089;4,284084E-08;-2,732076E-05;-1,151484E-12;4,829673E-06;0,1;0,1;0,1;;
p6;mk12_handle;-0,9540003;-2,109;0,00599958;90;4,829671E-06;0;0,001;0,001;0,001;;
p6;Body1;-0,9540003;-2,109;0,00599958;-2,732076E-05;-1,151484E-12;4,829673E-06;0,1;0,1;0,1;;
p6;Body3;-0,9540003;-2,109;0,00599958;-2,732076E-05;-1,151484E-12;4,829673E-06;0,1;0,1;0,1;;
p6;Plane;-0,9540002;-2,109;0,006099731;90;4,829671E-06;0;0,004000001;1;0,004;;
p6;mk12_ppl (2);-0,991;-2,089;0;90;4,829671E-06;0;1;1;1;;
p6;mk_base;-0,9909998;-2,089;2,942979E-07;90;4,829671E-06;0;0,001;0,001;0,001;;
p6;Body1;-0,9910001;-2,089;7,301569E-07;-2,732076E-05;-1,151484E-12;4,829673E-06;0,1;0,1;0,1;;
p6;Body2;-0,9910001;-2,089;7,301569E-07;-2,732076E-05;-1,151484E-12;4,829673E-06;0,1;0,1;0,1;;
p6;Body3;-0,9910001;-2,089;7,301569E-07;-2,732076E-05;-1,151484E-12;4,829673E-06;0,1;0,1;0,1;;
p6;Body4;-0,9910001;-2,089;7,301569E-07;-2,732076E-05;-1,151484E-12;4,829673E-06;0,1;0,1;0,1;;
p6;Body5;-0,9910001;-2,089;7,301569E-07;-2,732076E-05;-1,151484E-12;4,829673E-06;0,1;0,1;0,1;;
p6;mk12_handle;-1,011;-2,109;0,006000269;90;4,829671E-06;0;0,001;0,001;0,001;;
p6;Body1;-1,011;-2,109;0,006000269;-2,732076E-05;-1,151484E-12;4,829673E-06;0,1;0,1;0,1;;
p6;Body3;-1,011;-2,109;0,006000269;-2,732076E-05;-1,151484E-12;4,829673E-06;0,1;0,1;0,1;;
p6;Plane;-1,011001;-2,109;0,006099992;90;4,829671E-06;0;0,004000001;1;0,004;;
p6;mtkind v4 (1);-0,877;-2,089;0;0;0;0;1;1;1;;
p6;Body1;-0,8769996;-2,089;0,0004996657;0;0;0;0,1;0,09999999;0,1;;
p6;Point Light;-0,8969996;-2,109;0,02774058;359,9934;180;180;1;1;1;;
p6;GameObject (12);-0,495;-2,071;0;0;0;0;40;15;2;;
p6;label;-0,514999;-2,0785;0,0005005151;0;0;0;0,04000001;0,015;0,001;;
p6;GameObject (13);-0,536;-2,071;0;0;0;0;40;15;2;;
p6;label;-0,5560001;-2,0785;0,0005001854;0;0;0;0,04000001;0,015;0,001;;
p6;GameObject (14);-0,577;-2,071;0;0;0;0;40;15;2;;
p6;label;-0,5970001;-2,0785;0,00050015;0;0;0;0,04000001;0,015;0,001;;
p6;GameObject (15);-0,934;-2,132;0;0;0;0;40;15;2;;
p6;label;-0,9540003;-2,1395;0,0005001873;0;0;0;0,04000001;0,015;0,001;;
p6;GameObject (16);-0,991;-2,132;0;0;0;0;40;15;2;;
p6;label;-1,010999;-2,1395;0,0005001836;0;0;0;0,04000001;0,015;0,001;;
p6;GameObject (30);-0,408;-0,045;0;0;0;0;285;184;12,5;;
p6;lplace;-0,5505002;-0,1370003;0,003125153;0;0;0;0,285;0,184;0,006250001;;
p6;GameObject (31);-0,724;-0,045;0;0;0;0;285;184;12,5;;
p6;lplace;-0,8664994;-0,1370003;0,003125617;0;0;0;0,285;0,184;0,006250001;;
p6;GameObject (32);-0,724;-0,264;0;0;0;0;285;184;12,5;;
p6;lplace;-0,8664994;-0,3559999;0,003125617;0;0;0;0,285;0,184;0,006250001;;
p6;GameObject (33);-0,724;-0,483;0;0;0;0;285;184;12,5;;
p6;lplace;-0,8664994;-0,575;0,003125617;0;0;0;0,285;0,184;0,006250001;;
p6;GameObject (34);-0,724;-0,702;0;0;0;0;285;184;12,5;;
p6;lplace;-0,8664994;-0,7940001;0,003125617;0;0;0;0,285;0,184;0,006250001;;
