{"0-8": {"imgi": 0, "x": 0, "y": 0}, "0-10": {"imgi": 0, "x": 1, "y": 0}, "0-12": {"imgi": 0, "x": 2, "y": 0}, "0-14": {"imgi": 0, "x": 3, "y": 0}, "1-5": {"imgi": 0, "x": 4, "y": 0}, "1-7": {"imgi": 0, "x": 5, "y": 0}, "1-9": {"imgi": 0, "x": 6, "y": 0}, "1-11": {"imgi": 0, "x": 7, "y": 0}, "1-13": {"imgi": 0, "x": 8, "y": 0}, "1-15": {"imgi": 0, "x": 9, "y": 0}, "1-17": {"imgi": 0, "x": 10, "y": 0}, "2-4": {"imgi": 0, "x": 0, "y": 1}, "2-6": {"imgi": 0, "x": 1, "y": 1}, "2-8": {"imgi": 0, "x": 2, "y": 1}, "2-10": {"imgi": 0, "x": 3, "y": 1}, "2-12": {"imgi": 0, "x": 4, "y": 1}, "2-14": {"imgi": 0, "x": 5, "y": 1}, "2-16": {"imgi": 0, "x": 6, "y": 1}, "2-18": {"imgi": 0, "x": 7, "y": 1}, "3-3": {"imgi": 0, "x": 8, "y": 1}, "3-5": {"imgi": 0, "x": 9, "y": 1}, "3-9": {"imgi": 0, "x": 10, "y": 1}, "3-11": {"imgi": 0, "x": 0, "y": 2}, "3-13": {"imgi": 0, "x": 1, "y": 2}, "3-17": {"imgi": 0, "x": 2, "y": 2}, "3-19": {"imgi": 0, "x": 3, "y": 2}, "4-2": {"imgi": 0, "x": 4, "y": 2}, "4-4": {"imgi": 0, "x": 5, "y": 2}, "4-6": {"imgi": 0, "x": 6, "y": 2}, "4-8": {"imgi": 0, "x": 7, "y": 2}, "4-10": {"imgi": 0, "x": 8, "y": 2}, "4-12": {"imgi": 0, "x": 9, "y": 2}, "4-14": {"imgi": 0, "x": 10, "y": 2}, "4-16": {"imgi": 0, "x": 0, "y": 3}, "4-18": {"imgi": 0, "x": 1, "y": 3}, "4-20": {"imgi": 0, "x": 2, "y": 3}, "5-1": {"imgi": 0, "x": 3, "y": 3}, "5-3": {"imgi": 0, "x": 4, "y": 3}, "5-5": {"imgi": 0, "x": 5, "y": 3}, "5-7": {"imgi": 0, "x": 6, "y": 3}, "5-9": {"imgi": 0, "x": 7, "y": 3}, "5-11": {"imgi": 0, "x": 8, "y": 3}, "5-13": {"imgi": 0, "x": 9, "y": 3}, "5-15": {"imgi": 0, "x": 10, "y": 3}, "5-17": {"imgi": 0, "x": 0, "y": 4}, "5-19": {"imgi": 0, "x": 1, "y": 4}, "5-21": {"imgi": 0, "x": 2, "y": 4}, "6-2": {"imgi": 0, "x": 3, "y": 4}, "6-4": {"imgi": 0, "x": 4, "y": 4}, "6-6": {"imgi": 0, "x": 5, "y": 4}, "6-8": {"imgi": 0, "x": 6, "y": 4}, "6-10": {"imgi": 0, "x": 7, "y": 4}, "6-12": {"imgi": 0, "x": 8, "y": 4}, "6-14": {"imgi": 0, "x": 9, "y": 4}, "6-16": {"imgi": 0, "x": 10, "y": 4}, "6-18": {"imgi": 0, "x": 0, "y": 5}, "6-20": {"imgi": 0, "x": 1, "y": 5}, "7-1": {"imgi": 0, "x": 2, "y": 5}, "7-5": {"imgi": 0, "x": 3, "y": 5}, "7-7": {"imgi": 0, "x": 4, "y": 5}, "7-9": {"imgi": 0, "x": 5, "y": 5}, "7-13": {"imgi": 0, "x": 6, "y": 5}, "7-15": {"imgi": 0, "x": 7, "y": 5}, "7-17": {"imgi": 0, "x": 8, "y": 5}, "7-21": {"imgi": 0, "x": 9, "y": 5}, "8-0": {"imgi": 0, "x": 10, "y": 5}, "8-2": {"imgi": 0, "x": 0, "y": 6}, "8-4": {"imgi": 0, "x": 1, "y": 6}, "8-6": {"imgi": 0, "x": 2, "y": 6}, "8-8": {"imgi": 0, "x": 3, "y": 6}, "8-10": {"imgi": 0, "x": 4, "y": 6}, "8-12": {"imgi": 0, "x": 5, "y": 6}, "8-14": {"imgi": 0, "x": 6, "y": 6}, "8-16": {"imgi": 0, "x": 7, "y": 6}, "8-18": {"imgi": 0, "x": 8, "y": 6}, "8-20": {"imgi": 0, "x": 9, "y": 6}, "8-22": {"imgi": 0, "x": 10, "y": 6}, "9-1": {"imgi": 0, "x": 0, "y": 7}, "9-3": {"imgi": 0, "x": 1, "y": 7}, "9-5": {"imgi": 0, "x": 2, "y": 7}, "9-7": {"imgi": 0, "x": 3, "y": 7}, "9-9": {"imgi": 0, "x": 4, "y": 7}, "9-11": {"imgi": 0, "x": 5, "y": 7}, "9-13": {"imgi": 0, "x": 6, "y": 7}, "9-15": {"imgi": 0, "x": 7, "y": 7}, "9-17": {"imgi": 0, "x": 8, "y": 7}, "9-19": {"imgi": 0, "x": 9, "y": 7}, "9-21": {"imgi": 0, "x": 10, "y": 7}, "10-0": {"imgi": 0, "x": 0, "y": 8}, "10-2": {"imgi": 0, "x": 1, "y": 8}, "10-4": {"imgi": 0, "x": 2, "y": 8}, "10-6": {"imgi": 0, "x": 3, "y": 8}, "10-8": {"imgi": 0, "x": 4, "y": 8}, "10-10": {"imgi": 0, "x": 5, "y": 8}, "10-12": {"imgi": 0, "x": 6, "y": 8}, "10-14": {"imgi": 0, "x": 7, "y": 8}, "10-16": {"imgi": 0, "x": 8, "y": 8}, "10-18": {"imgi": 0, "x": 9, "y": 8}, "10-20": {"imgi": 0, "x": 10, "y": 8}, "10-22": {"imgi": 0, "x": 0, "y": 9}, "11-1": {"imgi": 0, "x": 1, "y": 9}, "11-3": {"imgi": 0, "x": 2, "y": 9}, "11-5": {"imgi": 0, "x": 3, "y": 9}, "11-9": {"imgi": 0, "x": 4, "y": 9}, "11-11": {"imgi": 0, "x": 5, "y": 9}, "11-13": {"imgi": 0, "x": 6, "y": 9}, "11-17": {"imgi": 0, "x": 7, "y": 9}, "11-19": {"imgi": 0, "x": 8, "y": 9}, "11-21": {"imgi": 0, "x": 9, "y": 9}, "12-0": {"imgi": 0, "x": 10, "y": 9}, "12-2": {"imgi": 0, "x": 0, "y": 10}, "12-4": {"imgi": 0, "x": 1, "y": 10}, "12-6": {"imgi": 0, "x": 2, "y": 10}, "12-8": {"imgi": 0, "x": 3, "y": 10}, "12-10": {"imgi": 0, "x": 4, "y": 10}, "12-12": {"imgi": 0, "x": 5, "y": 10}, "12-14": {"imgi": 0, "x": 6, "y": 10}, "12-16": {"imgi": 0, "x": 7, "y": 10}, "12-18": {"imgi": 0, "x": 8, "y": 10}, "12-20": {"imgi": 0, "x": 9, "y": 10}, "12-22": {"imgi": 0, "x": 10, "y": 10}, "13-1": {"imgi": 0, "x": 0, "y": 11}, "13-3": {"imgi": 0, "x": 1, "y": 11}, "13-5": {"imgi": 0, "x": 2, "y": 11}, "13-7": {"imgi": 0, "x": 3, "y": 11}, "13-9": {"imgi": 0, "x": 4, "y": 11}, "13-11": {"imgi": 0, "x": 5, "y": 11}, "13-13": {"imgi": 0, "x": 6, "y": 11}, "13-15": {"imgi": 0, "x": 7, "y": 11}, "13-17": {"imgi": 0, "x": 8, "y": 11}, "13-19": {"imgi": 0, "x": 9, "y": 11}, "13-21": {"imgi": 0, "x": 10, "y": 11}, "14-0": {"imgi": 0, "x": 0, "y": 12}, "14-2": {"imgi": 0, "x": 1, "y": 12}, "14-4": {"imgi": 0, "x": 2, "y": 12}, "14-6": {"imgi": 0, "x": 3, "y": 12}, "14-8": {"imgi": 0, "x": 4, "y": 12}, "14-10": {"imgi": 0, "x": 5, "y": 12}, "14-12": {"imgi": 0, "x": 6, "y": 12}, "14-14": {"imgi": 0, "x": 7, "y": 12}, "14-16": {"imgi": 0, "x": 8, "y": 12}, "14-18": {"imgi": 0, "x": 9, "y": 12}, "14-20": {"imgi": 0, "x": 10, "y": 12}, "14-22": {"imgi": 0, "x": 0, "y": 13}, "15-1": {"imgi": 0, "x": 1, "y": 13}, "15-5": {"imgi": 0, "x": 2, "y": 13}, "15-7": {"imgi": 0, "x": 3, "y": 13}, "15-9": {"imgi": 0, "x": 4, "y": 13}, "15-13": {"imgi": 0, "x": 5, "y": 13}, "15-15": {"imgi": 0, "x": 6, "y": 13}, "15-17": {"imgi": 0, "x": 7, "y": 13}, "15-21": {"imgi": 0, "x": 8, "y": 13}, "16-2": {"imgi": 0, "x": 9, "y": 13}, "16-4": {"imgi": 0, "x": 10, "y": 13}, "16-6": {"imgi": 0, "x": 0, "y": 14}, "16-8": {"imgi": 0, "x": 1, "y": 14}, "16-10": {"imgi": 0, "x": 2, "y": 14}, "16-12": {"imgi": 0, "x": 3, "y": 14}, "16-14": {"imgi": 0, "x": 4, "y": 14}, "16-16": {"imgi": 0, "x": 5, "y": 14}, "16-18": {"imgi": 0, "x": 6, "y": 14}, "16-20": {"imgi": 0, "x": 7, "y": 14}, "16-22": {"imgi": 0, "x": 8, "y": 14}, "17-1": {"imgi": 0, "x": 9, "y": 14}, "17-3": {"imgi": 0, "x": 10, "y": 14}, "17-5": {"imgi": 0, "x": 0, "y": 15}, "17-7": {"imgi": 0, "x": 1, "y": 15}, "17-9": {"imgi": 0, "x": 2, "y": 15}, "17-11": {"imgi": 0, "x": 3, "y": 15}, "17-13": {"imgi": 0, "x": 4, "y": 15}, "17-15": {"imgi": 0, "x": 5, "y": 15}, "17-17": {"imgi": 0, "x": 6, "y": 15}, "17-19": {"imgi": 0, "x": 7, "y": 15}, "17-21": {"imgi": 0, "x": 8, "y": 15}, "18-2": {"imgi": 0, "x": 9, "y": 15}, "18-4": {"imgi": 0, "x": 10, "y": 15}, "18-6": {"imgi": 0, "x": 0, "y": 16}, "18-8": {"imgi": 0, "x": 1, "y": 16}, "18-10": {"imgi": 0, "x": 2, "y": 16}, "18-12": {"imgi": 0, "x": 3, "y": 16}, "18-14": {"imgi": 0, "x": 4, "y": 16}, "18-16": {"imgi": 0, "x": 5, "y": 16}, "18-18": {"imgi": 0, "x": 6, "y": 16}, "18-20": {"imgi": 0, "x": 7, "y": 16}, "19-3": {"imgi": 0, "x": 8, "y": 16}, "19-5": {"imgi": 0, "x": 9, "y": 16}, "19-9": {"imgi": 0, "x": 10, "y": 16}, "19-11": {"imgi": 0, "x": 0, "y": 17}, "19-13": {"imgi": 0, "x": 1, "y": 17}, "19-17": {"imgi": 0, "x": 2, "y": 17}, "19-19": {"imgi": 0, "x": 3, "y": 17}, "20-4": {"imgi": 0, "x": 4, "y": 17}, "20-6": {"imgi": 0, "x": 5, "y": 17}, "20-8": {"imgi": 0, "x": 6, "y": 17}, "20-10": {"imgi": 0, "x": 7, "y": 17}, "20-12": {"imgi": 0, "x": 8, "y": 17}, "20-14": {"imgi": 0, "x": 9, "y": 17}, "20-16": {"imgi": 0, "x": 10, "y": 17}, "20-18": {"imgi": 0, "x": 0, "y": 18}, "21-5": {"imgi": 0, "x": 1, "y": 18}, "21-7": {"imgi": 0, "x": 2, "y": 18}, "21-9": {"imgi": 0, "x": 3, "y": 18}, "21-11": {"imgi": 0, "x": 4, "y": 18}, "21-13": {"imgi": 0, "x": 5, "y": 18}, "21-15": {"imgi": 0, "x": 6, "y": 18}, "21-17": {"imgi": 0, "x": 7, "y": 18}, "22-8": {"imgi": 0, "x": 8, "y": 18}, "22-10": {"imgi": 0, "x": 9, "y": 18}, "22-12": {"imgi": 0, "x": 10, "y": 18}, "22-14": {"imgi": 0, "x": 0, "y": 19}, "22-16": {"imgi": 0, "x": 1, "y": 19}}